id,illness_name,推荐1,推荐2,推荐3
1,假性湿疣,尖锐湿疣,女阴假性湿疣,急性肠炎
2,尿失禁,尿失禁
3,先天性心脏病,先天性心脏病
4,子宫脱垂,子宫颈脱垂,泪腺脱垂,结膜脱垂
5,子宫畸形,子宫畸形
6,围产保健,初产臀位,引产失败,急产
7,女性生殖器官创伤,女性生殖器官瘢痕,女性生殖器官原位癌,女性生殖器血管瘤
8,骨肿瘤,骨肿物,梅毒瘤,骨梅毒
9,妊娠合并巨细胞病毒感染,妊娠合并巨细胞病毒感染
10,痣,痣
11,哮喘,哮鸣,霍乱,伤寒
12,神经衰弱,神经衰弱
13,超声诊断,噪声性聋,声带炎,声带沟
14,神经介入,神经梅毒,神经衰弱,神经麻痹
15,胎儿先心病诊断,胎儿先天愚型,胎儿血友病,婴儿黑牙病
16,IGA肾病,IgA肾病,IgM肾病,肝性肾病
17,小儿腹泻,婴儿腹泻,幼儿腹泻,小儿肠炎
18,肾功能衰竭,肝功能衰竭,肝肾功能衰竭,脑干功能衰竭
19,贫血,贫血
20,小儿支气管炎,急性支气管炎,细支气管炎,气管支气管炎
21,间质性肺疾病,间质性肺病,药物性肺疾病,间质性肺炎
22,胰腺炎,泪腺炎,乳腺炎,胃肠炎
23,结缔组织病,结缔组织病
24,腰腿痛,腰背痛,腰痛,偏头痛
25,小儿哮喘,小儿肠炎,重症哮喘,婴儿肠炎
26,功能性胃肠病,病毒性胃肠炎,急性胃肠炎,慢性胃肠炎
27,性功能障碍,听功能障碍,凝血功能障碍,卵巢功能障碍
28,心肌炎,心肌炎
29,再生障碍性贫血,再生障碍性贫血
30,干眼症,干眼症
31,痔疮,疥疮,痔,痤疮
32,内分泌疾病,内分泌失调,内部水蛭病,多内分泌腺瘤病
33,尿路刺激征,尿路梗阻,尿路软斑症,圣路易脑炎
34,糖尿病肾病,糖尿病性肾病,糖尿病肾病I期,糖尿病肾病V期
35,尿路感染,肠道感染,结核感染,细菌感染
36,骨质增生,牙骨质增生,胸腺增生,声带增生
37,溃疡性结肠炎,溃疡性结肠炎
38,男性不育,男性不育症,急性肠炎,气性坏疽
39,腹痛,腹痛
40,产后风湿,产后抑郁,产后随诊,麻风
41,高脂血症,高脂血症
42,老年病,老年疣,结核病,兔热病
43,过敏性鼻炎,过敏性口炎,过敏性肠炎,过敏性皮炎
44,肾病综合征,肾病综合征
45,肝硬化,肝硬化
46,胃癌,胃炎,胃痛,霍乱
47,痛风,痛风
48,过敏性紫癜,过敏性紫癜
49,强直性脊柱炎,强直性脊柱炎
50,胆囊炎,胆囊炎
51,脂肪肝,脂肪肝
52,肺炎,肺炎
53,耳鸣,耳鸣
54,肝炎,肝炎
55,肠炎,肠炎
56,消化不良,消化不良
57,乳腺增生,乳腺增生
58,肠胃炎,肠炎,胃炎,残胃炎
59,鼻炎,鼻炎
60,便秘,便秘
61,口腔溃疡,口腔疱疹,眼眶溃疡,结膜溃疡
62,细菌性阴道炎,细菌性阴道炎
63,小儿咳嗽,小儿肠炎,咳嗽,急性咳嗽
64,乙肝,霍乱,伤寒,肠炎
65,胃溃疡,胃溃疡
66,前列腺炎,前列腺炎
67,肾病,肾病
68,亚健康,亚麻肺,亚木僵,霍乱
69,腹泻,腹疝,腹痛,腹胀
70,肝病,淋病,虱病,肌病
71,咽炎,咽炎
72,心律失常,心律失常
73,感冒,感冒
74,肾炎,肾炎
75,结肠炎,胃肠炎,肠炎,结膜炎
76,老年性阴道炎,老年性阴道炎
77,前庭大腺炎,前庭大腺炎
78,糖尿病,糖尿病
79,支气管炎,支气管炎
80,高血压,高血压
81,女性生殖器先天性畸形,女性生殖器官恶性肿瘤,女性生殖器官良性肿瘤,男性生殖器官恶性肿瘤
82,面肌痉挛,面肌痉挛
83,卵巢癌,卵巢炎,卵巢结核,卵形疟
84,神经炎,神经炎
85,霉菌性阴道炎,真菌性阴道炎,细菌性阴道炎,淋球菌性阴道炎
86,重症肌无力,重症肌无力
87,子宫肉瘤,子宫腺肌瘤,子宫肌炎,子宫积脓
88,宫颈糜烂,子宫颈糜烂,角膜糜烂,食管糜烂
89,脑供血不足,心肌供血不足,脑动脉供血不足,脑血管供血不足
90,输卵管炎,输卵管炎
91,咳嗽,咳嗽
92,胃炎,胃炎
93,腰肌劳损,心肌劳损,腰肌结核,腰肌疝
94,多发性硬化,多发性硬化
95,神经官能症,神经性麻风,神经梅毒,神经性紫癜
96,癫痫,癫痫
97,脑出血,脑出血
98,帕金森,帕金森病,霍乱,伤寒
99,植物神经紊乱,植物神经功能紊乱,月经紊乱,视神经结核
100,脑血管病,脑血管病
101,头晕,头晕
102,睡眠障碍,睡眠障碍
103,抑郁症,败血症,脓毒症,菌血症
104,妊娠合并贫血,妊娠合并贫血
105,妊娠合并慢性肾炎,妊娠合并肾炎,妊娠合并慢性高血压,妊娠合并肾病
106,网瘾,霍乱,伤寒,肠炎
107,妊娠合并甲亢,妊娠合并肾病,妊娠合并肾炎,妊娠合并风疹
108,腹腔妊娠,腹腔妊娠
109,妊娠合并肺结核,妊娠合并结核病,妊娠合并肾结石,尘肺合并结核
110,产褥中暑,产褥病率,产褥期痔,中暑
111,妊娠合并阑尾炎,妊娠合并阑尾炎
112,产后抑郁,产后抑郁
113,产褥感染,产褥期感染,肠道感染,结核感染
114,失眠,失眠
115,焦虑症,败血症,脓毒症,菌血症
116,产后出血,流产后出血,产前出血,产时出血
117,过期妊娠,过期妊娠
118,妊娠合并弓形虫病,妊娠合并弓形体病,妊娠合并寄生虫病,妊娠合并糖尿病
119,精神分裂症,精神分裂症
120,宫颈妊娠,子宫颈妊娠,宫颈白斑,宫颈粘连
121,巨大胎儿,巨大儿,三胎儿,双胎儿
122,儿童焦虑症,儿童孤独症,恋童症,儿童皮肌炎
123,卵巢妊娠,卵巢妊娠
124,妊娠合并急性胆囊炎,妊娠合并急性阑尾炎,妊娠合并急性胃肠炎,妊娠合并急性胰腺炎
125,侵蚀性葡萄胎,侵蚀性葡萄胎
126,妊娠合并心脏病,妊娠合并心脏病
127,产褥疾病,产褥病率,产褥期痔,产褥期淋病
128,妊娠合并糖尿病,妊娠合并糖尿病
129,房间隔缺损,房间隔缺损
130,胎膜早破,胎膜早破
131,动脉导管未闭,动脉导管未闭
132,动静脉瘘,动静脉瘘
133,胆管癌,胆管炎,胆管瘘,肝内胆管癌
134,胎粪吸入综合征,新生儿胎粪吸入综合征,新生儿吸入综合征,麻疹综合征
135,输卵管妊娠,输卵管妊娠
136,胎儿窘迫,胎儿腹水,胎儿畸形,胎儿唇裂
137,脑动脉瘤,脑动脉瘤
138,脐带异常,脐血流异常,产力异常,痰异常
139,冠心病,结核病,兔热病,猫抓病
140,胎儿宫内发育迟缓,胎儿宫内生长迟缓,性发育迟缓,胎儿脑发育异常
141,胎盘早剥,胎膜早破,胎盘变性,胎盘梗死
142,羊水栓塞,侧窦栓塞,肺栓塞,脑栓塞
143,子宫破裂,心包破裂,食管破裂,胃破裂
144,晚期产后出血,晚期产后出血
145,肝母细胞瘤,肝母细胞瘤
146,死胎,石胎,霍乱,伤寒
147,脑血管畸形,脑血管畸形
148,心脏介入,心脏停搏,心脏肥大,心脏扩大
149,肝癌介入,肝结核,肝囊虫病,肝细胞癌
150,布卡综合症,麻疹综合征,间脑综合征,法伯综合征
151,肝血管瘤,肝血管瘤
152,肺癌,肺炎,肺病,霍乱
153,抽动症,败血症,脓毒症,菌血症
154,植物人,恋物症,霍乱,伤寒
155,脑血栓,败血症,菌血症,白血病
156,肝癌,肝炎,肝大,霍乱
157,截瘫,偏瘫,单瘫,霍乱
158,小儿脑瘫,小儿肠炎,小脑炎,婴儿肠炎
159,面瘫,面癣,偏瘫,单瘫
160,脑梗塞,脑梗死,脑栓塞,脑膜瘤
161,脊髓损伤,脊髓损伤
162,偏瘫,偏瘫
163,骨折,骨折
164,血管瘤,血管瘤
165,甲减,甲癣,霍乱,伤寒
166,肩周炎,肩周炎
167,癌痛,眼痛,耳痛,牙痛
168,腰痛,腰痛
169,流产,急产,滞产,霍乱
170,甲状腺瘤,甲状腺肿,甲状腺炎,甲状腺结核
171,头痛,头痛
172,坐骨神经痛,坐骨神经痛
173,三叉神经痛,三叉神经痛
174,甲亢,甲癣,霍乱,伤寒
175,颈椎病,颈椎病
176,前置胎盘,前置胎盘
177,甲亢突眼,沙眼,甲癣,甲下痣
178,腰椎间盘突出,腰椎间盘突出
179,宫颈锥切术,宫颈膀胱瘘,宫颈白斑,宫颈粘连
180,腹腔镜手术,腹腔镜检查,腹腔结核,腹腔淋巴瘤
181,宫腔镜,盆腔痛,宫腔占位,宫腔镜检查
182,甲状腺癌,甲状腺肿,甲状腺炎,甲状腺结核
183,妇科检查,妇科检查
184,皮脂腺囊肿,皮脂囊肿,甲状腺囊肿,肾上腺囊肿
185,分娩,霍乱,伤寒,肠炎
186,两性畸形,两性畸形
187,真菌性皮肤病,真菌性皮炎,职业性皮肤病,真菌性外耳炎
188,剖腹产,腹疝,假临产,急产
189,褶烂,霍乱,伤寒,肠炎
190,老年斑,老年疣,睑裂斑,老视
191,着色真菌病,着色真菌病
192,自身敏感性皮炎,自身免疫性肝炎,过敏性皮炎,砷过敏性皮炎
193,婴幼儿阴道炎,婴儿肠炎,滴虫性阴道炎,真菌性阴道炎
194,阴囊湿疹,阴囊湿疹
195,增殖型天疱疮,增生型天疱疮,落叶型天疱疮,红斑型天疱疮
196,皮肤卟啉病,皮肤蝇蛆病,皮肤白血病,皮肤结节病
197,原发性皮肤淀粉样变,原发性淀粉样变性,原发性系统性淀粉样变性,继发性淀粉样变性
198,痈,痈
199,蕈样肉芽肿,黄肉芽肿,脑肉芽肿,脊髓肉芽肿
200,隐翅虫皮炎,隐翅虫皮炎
201,阴虱,阴虱
202,跖疣,疣,掌疣,掌跖疣
203,放射诊断,放射病,放射治疗,放线菌病
204,先天性无阴道,先天性无脑回,先天性无虹膜,先天性无耳廓
205,早产,早泄,急产,滞产
206,外阴癌,外阴炎,外阴疖,外阴结核
207,外阴白斑,外阴白斑
208,绒毛膜癌,绒毛膜癌
209,妊娠滋养细胞疾病,滋养细胞病,镰状细胞疾病,妊娠合并肝疾病
210,更年期综合症,更年期综合征,更年期精神病,更年期关节炎
211,异常分娩,正常分娩,多胎分娩,异常步态
212,输卵管肿瘤,输卵管结核,输卵管恶性肿瘤,输卵管良性肿瘤
213,分娩期并发症,分娩期麻醉并发症,分娩期发热,分娩期子痫
214,妊娠合并肝炎,妊娠合并肾炎,妊娠合并胃炎,妊娠合并肠炎
215,葡萄胎,葡萄胎
216,高泌乳素血症,高泌乳素血症
217,闭经,闭经
218,卵巢早衰,卵巢早衰
219,不孕症,败血症,脓毒症,菌血症
220,子宫内膜炎,子宫内膜炎
221,头虱,头虱
222,维生素B2缺乏病,维生素B6缺乏,维生素B12缺乏,维生素B缺乏
223,寻常型天疱疮,增生型天疱疮,落叶型天疱疮,红斑型天疱疮
224,皮脂腺痣,皮脂腺痣
225,乳房湿疹,外耳湿疹,婴儿湿疹,湿疹
226,鳞状细胞癌,肝细胞癌,肝母细胞瘤,网状细胞肉瘤
227,体虱,体虱
228,手部湿疹,外耳湿疹,手部疖,手部痈
229,日光角化病,日光性角化病,角膜角化病,气管角化病
230,手足皲裂,手部皲裂,手足口病,唇皲裂
231,丘疹性荨麻疹,丘疹性荨麻疹
232,粟丘疹,粟丘疹
233,附件炎,附睾炎,胃肠炎,肠炎
234,螨皮炎,螨性皮炎,革螨皮炎,螨虫皮炎
235,皮肤黄色瘤病,皮肤异色病,皮肤阿米巴病,皮肤奴卡菌病
236,脓疱疮,脓疱疮
237,疱疹样天疱疮,疱疹样天疱疮
238,钱币状湿疹,钱币状湿疹
239,皮肤纤维瘤,皮肤淋巴瘤,皮肤脂肪瘤,皮肤血管瘤
240,早孕反应,打猎反应,高原反应,变态反应
241,皮肤念珠菌病,皮肤奴卡菌病,肺念珠菌病,肢端念珠菌病
242,毛周角化病,角膜角化病,气管角化病,灰泥角化病
243,妊娠合并症,妊娠合并肾病,妊娠合并肾炎,妊娠合并风疹
244,子宫内膜息肉,子宫内膜息肉
245,子宫腺肌症,子宫腺肌瘤,子宫肌炎,子宫肌腺症
246,疖,疖
247,妊高症,败血症,脓毒症,菌血症
248,子宫内膜癌,子宫内膜炎,子宫内膜结核,子宫内膜原位癌
249,子宫颈息肉,子宫颈息肉
250,白带异常,产力异常,痰异常,反射异常
251,子宫内膜增生,子宫内膜增生
252,家族性慢性良性天疱疮,良性慢性家族性天疱疮,家族性致死性睡眠症,家族性再生不良性贫血
253,类丹毒,类丹毒
254,痛经,痛经
255,宫颈癌前病变,鞍区病变,基底节病变,脑干病变
256,习惯性流产,习惯性流产
257,外阴瘙痒,外阴瘙痒症,外阴结核,外阴疱疹
258,输卵管堵塞,输卵管结核,输卵管积水,输卵管积脓
259,花斑癣,脓癣,头癣,须癣
260,内分泌失调,内分泌失调
261,汗疱疹,汗疱疹
262,基底细胞癌,肝细胞癌,肝母细胞瘤,浆细胞病
263,黑痣,痣,黑矇,黑便
264,斑秃,斑秃
265,臭汗症,少汗症,色汗症,手汗症
266,大疱性皮肤病,职业性皮肤病,大疱性硬斑病,糖尿病性皮肤病
267,皮肤癌,皮肤结核,皮肤鼠疫,皮肤炭疽
268,股癣,股癣
269,痱子,痱子
270,孢子丝菌病,孢子丝菌病
271,麻风,麻风
272,乳头乳晕角化过度症,雅司病角化过度,甲床角化过度,扁桃体角化症
273,羊水异常,产力异常,痰异常,反射异常
274,产前检查,产前筛查,产前出血,视力检查
275,疼痛,疼痛
276,异常妊娠,异位妊娠,腹腔妊娠,卵巢妊娠
277,幼儿急疹,幼儿急疹
278,孕前检查,视力检查,眼科检查,听力检查
279,卵巢肿瘤,卵巢肿物,卵巢结核,卵巢间皮瘤
280,胎儿先天畸形,胎儿无脑畸形,胎儿先天愚型,胎儿畸形
281,功能性子宫出血,功能性子宫出血
282,胎停,胎停育,胎痣,霍乱
283,羊水穿刺,水痘,羊痘,脱水
284,麻醉,麻风,麻疹,霍乱
285,多囊卵巢综合征,抗卵巢综合征,残余卵巢综合征,空巢综合征
286,多汗症,多汗症
287,遗传代谢病,遗传性肌病,氨基酸代谢病,遗传性肾炎
288,先兆流产,先兆流产
289,宫颈癌,原位癌,斜颈,颈痛
290,特纳综合征,麻疹综合征,间脑综合征,法伯综合征
291,盆腔炎,盆腔痛,胃肠炎,肠炎
292,红皮病,红皮病
293,鱼鳞病,结核病,兔热病,猫抓病
294,子宫肌瘤,子宫腺肌瘤,子宫肌炎,子宫平滑肌瘤
295,物理性皮肤病,职业性皮肤病,糖尿病性皮肤病,结核性皮肤脓肿
296,甲沟炎,甲沟炎
297,白色糠疹,白色糠疹
298,子宫内膜异位症,子宫内膜异位,肺子宫内膜异位症,肝子宫内膜异位症
299,宫颈炎,子宫颈炎,胃肠炎,肠炎
300,色素性紫癜,坏疽性紫癜,暴发性紫癜,过敏性紫癜
301,放射性皮炎,放射性皮炎
302,营养与代谢障碍皮肤病,代谢障碍,1型糖尿病性皮肤病,2型糖尿病性皮肤病
303,宫外孕,睑外翻,外痔,尿外渗
304,烧伤,烧伤
305,不孕不育,营养不良,屈光不正,肺不张
306,皮肤黑变病,皮肤蝇蛆病,皮肤白血病,皮肤结节病
307,丹毒,丹毒
308,阴道炎,阴道炎
309,遗传性皮肤病,遗传性肌病,职业性皮肤病,糖尿病性皮肤病
310,黑色素瘤,黑色素痣,恶性黑色素瘤,绿色瘤
311,肛门湿疹,肛门梅毒,外耳湿疹,肛门痉挛
312,月经失调,激素失调,月经疹,月经稀少
313,卵巢囊肿,卵巢囊肿
314,皮肤结核病,皮肤结核,皮肤结节病,结核病
315,人流,霍乱,伤寒,肠炎
316,风湿性关节炎,风湿性关节炎
317,细菌性皮肤病,职业性皮肤病,细菌性肠炎,细菌性结肠炎
318,黄褐斑,黄热病,黄癣,黄瘤
319,动物性皮肤病,职业性皮肤病,糖尿病性皮肤病,药物性舞蹈病
320,关节镜,关节炎,关节痛,关节结核
321,人工关节翻修术,人工关节术后,肩关节结核,腕关节结核
322,雀斑,雀斑
323,引产,急产,滞产,霍乱
324,结节性红斑,结节性红斑
325,扁平苔藓,扁平苔癣,扁平疣,小棘苔藓
326,多形红斑,多形红斑
327,药物性皮炎,药物性鼻炎,药物性胃炎,药物性肠炎
328,日光性皮炎,电光性皮炎,真菌性皮炎,尾蚴性皮炎
329,疥疮,疥疮
330,异位性皮炎,真菌性皮炎,尾蚴性皮炎,螨性皮炎
331,瘢痕疙瘩,瘢痕疙瘩
332,玫瑰糠疹,玫瑰糠疹
333,水痘,水痘
334,单纯疱疹,单纯疱疹
335,玫瑰痤疮,玫瑰糠疹,痘样痤疮,热带痤疮
336,灰指甲,灰甲,嵌甲,钩甲
337,体癣,脓癣,头癣,须癣
338,脂溢性皮炎,脂溢性皮炎
339,夏季皮炎,夏季皮炎
340,天疱疮,天疱疮
341,肘关节脱位,肘关节脱位
342,反应性关节炎,变应性关节炎,结核性关节炎,梅毒性关节炎
343,髋关节脱位,髋关节脱位
344,关节损伤,腕关节损伤,膝关节损伤,踝关节损伤
345,人工关节置换术,髋关节置换术后,人工关节术后,人工心脏置入术后
346,化脓性关节炎,化脓性关节炎
347,X型腿,霍乱,伤寒,副伤寒
348,鸡胸,脓胸,气胸,血胸
349,O型腿,霍乱,伤寒,副伤寒
350,小儿先天性髋关节脱位,先天性髋关节脱位,先天性髋关节半脱位,先天性膝关节脱位
351,大骨关节病,髋骨关节病,膝骨关节病,腕骨关节病
352,关节炎,关节炎
353,流行性出血热,流行性粟疹热,流行性肠炎,流行性眩晕
354,白喉,白喉
355,流行性脑脊髓膜炎,流行性脑脊髓膜炎
356,蛲虫病,蛲虫病
357,神经型食物中毒,细菌性食物中毒,食物中毒,沙门菌属食物中毒
358,囊尾蚴病,裂头蚴病,阿米巴病,贾第虫病
359,炭疽,炭疽
360,丝虫病,丝虫病
361,旋毛虫病,旋毛虫病
362,恙虫病,恙虫病
363,流行性斑疹伤寒,流行性斑疹伤寒
364,胃肠型食物中毒,细菌性食物中毒,食物中毒,沙门菌属食物中毒
365,乙脑,霍乱,伤寒,肠炎
366,霍乱,霍乱
367,姜片虫病,姜片虫病
368,并殖吸虫病,后殖吸虫病,血吸虫病,肝片吸虫病
369,蛔虫病,蛔虫病
370,登革热,登革热
371,副伤寒,副伤寒
372,黑热病,黑热病
373,非典,霍乱,伤寒,肠炎
374,口蹄病,口蹄疫,结核病,兔热病
375,肠绦虫病,肠绦虫病
376,鼠疫,鼠疫
377,肠道病毒71型感染,肠道病毒感染,细小病毒B19感染,肠道厌氧菌感染
378,弓形虫病,眼弓形虫病,脑弓形虫病,肺弓形虫病
379,感染性休克,感染性腹泻,脓毒性休克,感染性发热
380,华支睾吸虫病,华支睾吸虫病
381,伤寒,伤寒
382,布氏杆菌病,慢性布氏杆菌病,布氏杆菌性脑炎,巴斯德菌病
383,回归热,回归热
384,钩端螺旋体病,钩端螺旋体病
385,百日咳,百日咳
386,天花,天花
387,卡氏肺囊虫肺炎,卡氏肺孢子菌肺炎,肺泡性肺炎,伤寒并发肺炎
388,急性肠炎,急性肠炎
389,军团菌肺炎,嗜肺军团菌肺炎,军团菌感染,军团菌性脑炎
390,钩虫病,钩虫病
391,甲肝,甲癣,霍乱,伤寒
392,血吸虫病,血吸虫病
393,肠阿米巴病,肠阿米巴病
394,风疹,风疹
395,破伤风,破伤风
396,先天性马蹄内翻足,先天性马蹄内翻足
397,麻疹,麻疹
398,扁平足,扁平疣,扁平甲,扁平髋
399,狂犬病,狂犬病
400,疟疾,疟疾
401,脑寄生虫病,寄生虫病,脑弓形虫病,脑吸虫病
402,猩红热,猩红热
403,动物源性传染病,医源性糖尿病,胰源性糖尿病,药物性舞蹈病
404,酒精性脂肪肝,酒精性脂肪肝
405,蠕虫病,蠕虫病
406,禽流感,耳流脓,不悦感,霍乱
407,流感,霍乱,伤寒,肠炎
408,肺结核,肺结核
409,传染性单核细胞增多症,传染性淋巴细胞增多症,症状性单核细胞增多,EB病毒性单核细胞增多症
410,肝性脑病,肝性脑病
411,慢性肝炎,慢性肝炎
412,手足口病,手足口病
413,脑炎,脑炎
414,原发性胆汁性肝硬化,原发性胆汁型肝硬化,继发性胆汁型肝硬化,胆汁型肝硬化
415,酒精性肝炎,酒精性肝炎
416,自身免疫性肝炎,自身免疫性肝炎
417,细菌性痢疾,急性细菌性痢疾,慢性细菌性痢疾,细菌性肠炎
418,韧带损伤,髌韧带损伤,韧带挛缩,韧带钙化
419,病毒性肝炎,病毒性肝炎
420,肝腹水,腹水,肝结核,脱水
421,肝肿瘤,肝肿物,肝结核,梅毒瘤
422,肝囊肿,肝囊肿
423,丙肝,霍乱,伤寒,肠炎
424,膝关节损伤,膝关节损伤
425,酒精肝,酒精性肝炎,酒精性肝病,脂肪肝
426,黄疸,黄疸
427,大三阳,大疱病,大火灾,霍乱
428,小三阳,小脑炎,小下颌,小上颌
429,原发性肝癌,原发性痛风,原发性闭经,原发性痛经
430,类风湿性关节炎,类风湿性关节炎
431,踝部扭伤,踝部挫伤,踝部擦伤,踝部损伤
432,拇外翻,睑外翻,睑内翻,外痔
433,瘙痒症,瘙痒症
434,手癣,手癣
435,腋臭,口臭,霍乱,伤寒
436,先天性足畸形,先天性足畸形
437,股骨头坏死,骨髓坏死,颌骨坏死,骨坏死
438,成人先天性髋关节脱位,先天性髋关节脱位,先天性髋关节半脱位,先天性膝关节脱位
439,骨延长,骨梅毒,骨赘,骨刺
440,鲜红斑痣,硬红斑,掌红斑,红斑
441,冻伤,冻伤
442,男性型秃发,男性盆腔炎,男性型多毛症,男性膀胱疝
443,硬皮病,脓皮病,红皮病,结核病
444,小儿湿疹,婴儿湿疹,小儿肠炎,幼儿急疹
445,扁平疣,扁平疣
446,头癣,头癣
447,鸡眼,鸡眼
448,脚气,脚气病,嗳气,霍乱
449,毛囊炎,毛囊炎
450,红斑狼疮,红斑,皮肤红斑狼疮,盘状狼疮
451,脱发,脱发
452,激素依赖性皮炎,激素依赖性皮炎
453,神经性皮炎,神经性麻风,真菌性皮炎,尾蚴性皮炎
454,先天性膝关节畸形,先天性膝关节畸形
455,皮炎,皮炎
456,皮肤过敏,皮肤结核,皮肤鼠疫,皮肤炭疽
457,带状疱疹,带状疱疹
458,荨麻疹,荨麻疹
459,软组织肿瘤,软组织恶性肿瘤,软组织感染,唇恶性肿瘤
460,口腔颌面部肿瘤,口腔恶性肿瘤,口腔良性肿瘤,上颌恶性肿瘤
461,乳腺肿瘤,乳腺结核,乳腺恶性肿瘤,乳腺淋巴瘤
462,疣,疣
463,癣,疣,脓癣,头癣
464,内痔,内痔
465,肺心病,肺病,肺结核,结核病
466,萎缩性鼻炎,萎缩性鼻炎
467,皮肤瘙痒,皮肤结核,皮肤鼠疫,皮肤炭疽
468,外痔,外痔
469,小叶性肺炎,大叶性肺炎,中叶性肺炎,水痘性肺炎
470,中医减肥,中耳结核,中度贫血,中脑脓肿
471,痤疮,痤疮
472,病毒性肺炎,病毒性肺炎
473,肺念珠菌病,肺念珠菌病
474,克雷白杆菌肺炎,克雷伯杆菌性肺炎,大肠杆菌肠炎,变形杆菌肠炎
475,支原体肺炎,支原体性肺炎,支原体感染,衣原体性肺炎
476,肺炎球菌肺炎,肺炎球菌感染,肺炎球菌脑膜炎,肺炎链球菌性肺炎
477,白癜风,白癜风
478,急性上呼吸道感染,急性上呼吸道感染
479,肺曲菌病,肺曲霉菌病,肺放线菌病,放线菌病
480,肠易激综合征,肠易激综合征
481,肺纤维化,脾纤维化,肝纤维化,囊性纤维化
482,反流性食管炎,反流性食管炎
483,肺气肿,肺气肿
484,大叶性肺炎,大叶性肺炎
485,间质性肺炎,间质性肺炎
486,慢阻肺,梅毒肺,透明肺,石棉肺
487,支气管扩张,支气管扩张症,支气管结核,胃血管扩张
488,葡萄球菌肺炎,葡萄球菌性肺炎,葡萄球菌感染,葡萄球菌败血症
489,特发性肺纤维化,矽肺性肺纤维化,特发性肺间质纤维化,先天性肺纤维化
490,慢性支气管炎,慢性支气管炎
491,组织细胞增多症X,棘红细胞增多症,急性红细胞增多症,真性红细胞增多症
492,肺泡蛋白质沉积症,肺泡蛋白沉着症,皮肤粘蛋白沉积症,巨球蛋白血症
493,急性支气管炎,急性支气管炎
494,狼疮性肾炎,狼疮性肾炎
495,迷路炎,胃肠炎,肠炎,垂体炎
496,紫癜性肾炎,梅毒性肾炎,狼疮性肾炎,急性肾炎
497,传导性耳聋,传导性聋,心因性耳聋,传导性失语
498,尿毒症,尿毒症
499,多囊肾,脾囊肿,脑囊肿,泪囊炎
500,药物性聋,药物性肥胖,药物性震颤,药物性头痛
501,肾盂肾炎,肾盂肾炎
502,小儿肾病,小儿肠炎,肝性肾病,急性肾病
503,噪声性聋,噪声性聋
504,小儿紫癜性肾炎,过敏性紫癜性肾炎,小儿肠炎,梅毒性肾炎
505,慢性鼻炎,慢性鼻炎
506,功能性聋,爆震性聋,噪声性聋,传导性聋
507,突发性聋,突发性聋
508,慢性咽炎,慢性咽炎
509,老年性聋,老年性聋
510,腺样体炎,垂体炎,扁桃体炎,急性腺样体炎
511,急性化脓性中耳炎,急性化脓性中耳炎
512,创伤性聋,创伤性聋
513,前列腺癌,前列腺炎,前列腺结核,前列腺原位癌
514,纵隔肿瘤,纵隔肿物,纵隔结核瘤,纵隔恶性肿瘤
515,胆囊癌,胆囊炎,胆囊瘘,胆囊结核
516,肾肿瘤,肾肿物,肾结核,梅毒瘤
517,急性乳突炎,急性乳突炎
518,伪聋,耳聋,霍乱,伤寒
519,胶质瘤,梅毒瘤,间皮瘤,淋巴瘤
520,舌癌,舌炎,舌苔,霍乱
521,干酪性鼻炎,干酪性鼻窦炎,急性鼻炎,感染性鼻炎
522,喉癌,喉炎,霍乱,伤寒
523,高血压肾病,高血压性肾病,高血压,高血压1级
524,急性咽炎,急性咽炎
525,急性鼻炎,急性鼻炎
526,神经性耳聋,神经性麻风,神经性紫癜,心因性耳聋
527,急性喉炎,急性喉炎
528,肠肿瘤,肠炎,肠结核,肠鼠疫
529,急性会厌炎,急性会厌炎
530,喉水肿,喉水肿
531,喉角化症,喉角化症
532,慢性喉炎,慢性喉炎
533,急性扁桃体炎,急性扁桃体炎
534,慢性化脓性中耳炎,慢性化脓性中耳炎
535,慢性扁桃体炎,慢性扁桃体炎
536,分泌性中耳炎,分泌性中耳炎
537,大疱性鼓膜炎,大疱性鼓膜炎
538,耳后骨膜下脓肿,乳突骨膜下脓肿,颅内硬膜下脓肿,硬脊膜下脓肿
539,声带息肉,声带息肉
540,多发性骨髓瘤,多发性骨髓瘤
541,白血病,白血病
542,白塞氏病,白血病,白化病,阿米巴病
543,鼻出血,脾出血,耳出血,脑出血
544,血小板减少性紫癜,血小板减少性紫癜
545,血清阴性脊柱关节病,血清性关节病,脊髓痨性关节病,白血病性关节病
546,外耳道异物,外耳道肿物,耳道异物,外耳道结核
547,白细胞减少症,白细胞减少,全血细胞减少,中性粒细胞减少症
548,风湿病,风湿病
549,内耳眩晕,眩晕,中耳结核,流行性眩晕
550,耳廓假囊肿,耳廓假性囊肿,耳廓肉芽肿,胰腺假囊肿
551,系统性红斑狼疮,系统性红斑狼疮
552,鼻咽癌,鼻疽,鼻咽白喉,鼻梅毒
553,膀胱癌,膀胱炎,膀胱瘘,膀胱结核
554,干燥综合征,眼干燥综合征,麻疹综合征,间脑综合征
555,睡眠呼吸暂停综合征,睡眠呼吸暂停低通气综合征,中枢性睡眠呼吸暂停综合征,阻塞性睡眠呼吸暂停综合征
556,皮肌炎,皮肌炎
557,眼底病,结核病,眼结核,眼鼠疫
558,胰腺癌,胰腺结核,胰原位癌,原位癌
559,小细胞肺癌,肝细胞癌,浆细胞病,浆细胞瘤
560,耳聋,耳聋
561,耵聍栓塞,侧窦栓塞,肺栓塞,脑栓塞
562,扁桃体炎,扁桃体炎
563,小儿腺样体肥大,腺样体肥大,胸腺肥大,急性腺样体炎
564,心脏神经官能症,心脏神经症,赔偿神经症,心丛神经损伤
565,心肌病,心肌病
566,中耳炎,中耳炎
567,儿童鼻窦炎,急性鼻窦炎,全组鼻窦炎,鼻窦炎
568,小儿鼻炎,小儿肠炎,婴儿肠炎,小脑炎
569,食道癌,原位癌,食管炎,食管瘘
570,风湿性心脏病,风湿性心脏病
571,淋巴瘤,淋巴瘤
572,鼻中隔偏曲,鼻中隔偏曲
573,精索静脉曲张,精索静脉曲张
574,精囊炎,精囊炎
575,鼻息肉,鼻息肉
576,声带小结,声带小结
577,鼻窦炎,鼻窦炎
578,喉炎,喉炎
579,附睾炎,附睾炎
580,肾结石,肾结石
581,静脉曲张,静脉曲张
582,尿结石,鼻结石,胃结石,肠结石
583,静脉炎,静脉炎
584,心衰,心悸,霍乱,伤寒
585,脑外伤,脑膜瘤,脑膜炎,脑室炎
586,脉管炎,气管炎,食管炎,肛管炎
587,糖尿病足,糖尿病足
588,房颤,震颤,霍乱,伤寒
589,前列腺增生,前列腺增生
590,动脉硬化闭塞症,动脉硬化性肾病,动脉硬化性肾炎,动脉硬化
591,下肢静脉血栓,下肢静脉血栓形成,下肢静脉炎,下肢静脉阻塞
592,阑尾炎,阑尾炎
593,甲状腺炎,甲状腺炎
594,乳腺癌,乳腺瘘,乳腺炎,乳腺结核
595,胆结石,鼻结石,胃结石,肠结石
596,男性乳房肥大,慢性泪腺肥大,心房肥大,舌乳头肥大
597,乳腺炎,乳腺炎
598,多乳头多乳房畸形,先天性乳房畸形,小头畸形,头部血管畸形
599,乳腺纤维瘤,乳腺淋巴瘤,乳腺结核,乳腺恶性肿瘤
600,肛周脓肿,肛周脓肿
601,肠息肉,鼻息肉,喉息肉,胃息肉
602,肛裂,肛裂
603,直肠脱垂,直肠脱垂
604,婴儿喂养,婴儿肠炎,婴儿贫血,婴儿腹泻
605,先天性肌性斜颈,先天性肌性斜颈
606,痴呆,痴呆
607,结肠癌,结肠瘘,胃肠炎,肠炎
608,肠粘连,肠粘连
609,直肠癌,直肠赘,直肠瘘,直肠炎
610,腰椎管狭窄,腰椎管狭窄
611,运动创伤,运动障碍,咬合创伤,产科创伤
612,儿童保健,恋童症,儿童孤独症,儿童皮肌炎
613,腮腺炎,泪腺炎,腮腺瘘,乳腺炎
614,筋膜炎,筋膜炎
615,脊柱骨折,脊柱骨折
616,小儿类风湿病,复发性风湿病,风湿病,关节风湿病
617,小儿多动症,小儿肠炎,眼睑多毛症,多毛症
618,骨膜炎,脑膜炎,眶骨膜炎,结膜炎
619,小儿骨折,小腿骨折,小儿肠炎,顶骨骨折
620,骨不连,骨梅毒,肺不张,牙骨粘连
621,小儿急性喉炎,急性喉炎,急性肠炎,小儿肠炎
622,矮小症,败血症,脓毒症,菌血症
623,新生儿黄疸,新生儿黄疸
624,腱鞘囊肿,腱鞘囊肿
625,骨坏死,骨坏死
626,小儿胃炎,小儿肠炎,婴儿肠炎,小脑炎
627,小儿癫痫,小儿肠炎,额叶癫痫,顶叶癫痫
628,小儿遗尿,小儿肠炎,遗尿,婴儿肠炎
629,小儿心肌炎,小儿肠炎,新生儿心肌炎,急性心肌炎
630,小儿厌食,小儿肠炎,婴儿肠炎,幼儿急疹
631,川崎病,结核病,兔热病,猫抓病
632,发烧,发热,燃烧,焚烧
633,性早熟,性早熟
634,骨髓炎,脊髓炎,眶骨髓炎,牙髓炎
635,小儿肺炎,小儿肠炎,婴儿肠炎,炭疽肺炎
636,结节性痒疹,结节性痒疹
637,肠病性肢端皮炎,肠病性肢端皮炎
638,寻常疣,寻常疣
639,红斑型天疱疮,红斑型天疱疮
640,烟酸缺乏病,叶酸缺乏,泛酸缺乏,胃酸缺乏
641,小儿感冒,小儿肠炎,感冒,肠道感染
642,落叶型天疱疮,落叶型天疱疮
643,大疱性表皮松解症,大疱性表皮松解症
644,骨质疏松,骨质疏松
645,维生素A缺乏病,维生素A缺乏,维生素B缺乏,维生素D缺乏
646,大疱性类天疱疮,大疱性类天疱疮
647,足部骨折,足部疖,足部痈,足部瘢痕
648,腱鞘炎,腱鞘炎
649,手外伤,手癣,睑外翻,外痔
650,急性蜂窝织炎,眼眶蜂窝织炎,耳廓蜂窝织炎,鼻蜂窝织炎
651,单纯性紫癜,单纯性紫癜
652,滑膜炎,滑膜炎
653,混合痔,混合痔
654,直肠息肉,直肠息肉
655,胃病,淋病,虱病,肌病
656,肛瘘,肛瘘
657,软下疳,软下疳
658,妇科炎症,颊部炎症,妇科检查,胃肠炎
659,妊娠合并淋病,妊娠合并淋病
660,妊娠合并沙眼衣原体感染,妊娠合并沙眼衣原体感染
661,妊娠合并梅毒,妊娠合并梅毒
662,妊娠合并生殖器疱疹,妊娠合并生殖器疱疹
663,生殖器疱疹,生殖器疱疹
664,非淋菌性尿道炎,非淋球菌性尿道炎,淋球菌性尿道炎,非性病性尿道炎
665,外阴尖锐湿疣,外阴尖锐湿疣
666,传染性软疣,传染性软疣
667,妊娠合并尖锐湿疣,妊娠合并尖锐湿疣
668,性病,淋病,虱病,肌病
669,艾滋病,结核病,兔热病,猫抓病
670,男性生殖器官感染,男性生殖器官原位癌,男性生殖器血管瘤,女性生殖器官瘢痕
671,情感障碍,代谢障碍,认知障碍,双相情感障碍
672,骨髓增生异常综合征,骨髓增生异常综合征
673,直肠肛管先天性疾病,先天性肌病,早期隐性先天性梅毒,早期先天性梅毒
674,门静脉高压症,门脉高压,肺动脉高压,门静脉狭窄
675,梅毒,梅毒
676,儿童社交恐惧症,社交恐怖,儿童孤独症,恋童症
677,淋病,淋病
678,尖锐湿疣,尖锐湿疣
679,血友病,血友病
680,强迫症,败血症,脓毒症,菌血症
681,颈淋巴结结核,颈部淋巴结结核,淋巴结结核,肺门淋巴结结核
682,躯体形式障碍,躯体化障碍,躯体症状障碍,躯体性机能障碍
683,慢性粒细胞白血病,慢性粒细胞性白血病,慢性淋巴细胞白血病,急性粒细胞性白血病
684,水中毒,水中毒
685,急性淋巴细胞白血病,急性淋巴细胞白血病
686,凝血功能障碍性疾病,凝血功能障碍,凝血功能障碍性脑出血,凝血功能异常
687,噬血细胞综合征,噬血细胞综合征
688,肝移植,肝结核,肝坏死,肝萎缩
689,骨髓增生性疾病,慢性骨髓增殖性疾病,免疫增生性小肠病,骨髓增生异常性贫血
690,胆道蛔虫病,胆道蛔虫病
691,急性梗阻性化脓性胆管炎,梗阻性化脓性胆管炎,急性化脓性胆管炎,急性化脓性肝胆管炎
692,先天性胆道闭锁,先天性胆管闭锁,先天性阴道闭锁,先天性尿道闭锁
693,胆管炎性狭窄,胆管狭窄,椎管骨性狭窄,胆管恶性肿瘤
694,先天性肠闭锁,先天性空肠闭锁,先天性回肠闭锁,先天性小肠闭锁
695,腮腺混合瘤,腮腺脂肪瘤,腮腺血管瘤,腮腺错构瘤
696,脂肪瘤,脂肪瘤
697,胃十二指肠溃疡瘢痕性幽门梗阻,十二指肠溃疡伴急性出血,胃十二指肠假性动脉瘤,十二指肠溃疡伴出血
698,胃肉瘤,胃肠炎,胃结核,梅毒瘤
699,原发性硬化性胆管炎,硬化性胆管炎,亚急性硬化性全脑炎,多发性硬化性痴呆
700,胆道肿瘤,胆道恶性肿瘤,胆囊肿物,胆道感染
701,舌下囊肿,舌下囊肿
702,先天性肠狭窄,先天性喉狭窄,先天性空肠狭窄,先天性回肠狭窄
703,先天性肠旋转不良,先天性肠旋转不良
704,乳腺导管内乳头状瘤,乳腺导管原位癌,乳腺导管扩张症,乳腺导管瘘
705,乳房肉瘤,乳房脂肪瘤,乳房血管瘤,房壁瘤
706,先天性胆管扩张症,先天性胆管扩张,先天性气管扩张,先天性食管扩张
707,应激性溃疡,应激性溃疡
708,胰腺囊肿,胰腺囊肿
709,小肠破裂,小肠破裂
710,胰腺内分泌肿瘤,胰腺恶性肿瘤,胰腺良性肿瘤,胰腺交界性肿瘤
711,脾切除手术,脾结核,吹号手疣,手癣
712,肝包虫病,肝囊虫病,贾第虫病,毛滴虫病
713,切口疝,口吃,脑疝,纵隔疝
714,桥本甲状腺炎,急性甲状腺炎,慢性甲状腺炎,甲状腺炎
715,慢性淋巴结炎,慢性淋巴结炎
716,良性十二指肠淤滞症,十二指肠淤积,十二指肠钩虫病,十二指肠原位癌
717,脾破裂,脾破裂
718,囊性肿瘤及囊肿,恶性肿瘤复发,囊性甲状腺肿,假性视网膜囊肿
719,脐疝,脐疝
720,深静脉血栓形成,股静脉血栓形成,髂静脉血栓形成,门静脉血栓形成
721,单纯性下肢静脉曲张,下肢静脉曲张,妊娠期下肢静脉曲张,产褥期下肢静脉曲张
722,主动脉夹层,脑动脉夹层,椎动脉夹层,腹主动脉夹层
723,原发性下肢深静脉瓣膜关闭不全,梅毒性主动脉瓣关闭不全,风湿性主动脉瓣关闭不全,风湿性肺动脉瓣关闭不全
724,低血容量性休克,低血容量性休克
725,颈动脉体瘤,颈动脉瘤,颈动脉狭窄,脑动脉瘤
726,甲状腺腺瘤,甲状腺结核,甲状腺淋巴瘤,甲状腺血管瘤
727,白线疝,腹白线疝,白喉,白蛉热
728,周围血管病,周围血管疾病,脑血管病,周围血管畸形
729,肝破裂,胃破裂,肠破裂,肺破裂
730,结肠破裂,结肠破裂
731,股疝,股疝
732,四肢血管损伤,上肢血管损伤,下肢血管损伤,头部血管损伤
733,胆道感染,胆道感染
734,KT综合征,麻疹综合征,间脑综合征,法伯综合征
735,甲状腺结节,甲状腺结核,甲状腺囊肿,甲状腺肿
736,动脉瘤,动脉瘤
737,肾动脉狭窄,肾动脉狭窄
738,腹腔脓肿,腹腔脓肿
739,动脉栓塞,动脉栓塞
740,下肢淋巴水肿,下肢淋巴管瘤,淋巴水肿,下肢水肿
741,易栓症,易栓症
742,继发性肝癌,继发性贫血,继发性失眠,继发性斜视
743,腹主动脉瘤,腹主动脉瘤
744,颈动脉狭窄,颈动脉狭窄
745,脑动脉硬化,肾动脉硬化,主动脉硬化,颈动脉硬化
746,正中神经麻痹,正中神经麻痹
747,主动脉瘤,主动脉瘤
748,气管异物,气管肿物,气管内异物,气管结核
749,周期性瘫痪,交叉性瘫痪,完全性瘫痪,迟缓性瘫痪
750,枕神经痛,枕神经痛
751,脑电图,脑膜瘤,脑膜炎,脑室炎
752,原发性侧索硬化,继发性侧索硬化,原发性侧索硬化症,多发性硬化
753,椎-基底动脉盗血综合征,椎-基底动脉综合征,椎-基底动脉供血不全,基底动脉尖综合征
754,意志缺乏症,锌缺乏症,铜缺乏症,皮脂缺乏症
755,遗传性共济失调,遗传性共济失调
756,特发性震颤,癔症性震颤,良性特发性震颤,家族性震颤
757,隐球菌脑膜炎,隐球菌脑膜炎
758,小舞蹈病,舞蹈病,偏身舞蹈病,阿米巴病
759,腹膜肿瘤,腹膜结核,腹膜间皮瘤,腹膜恶性肿瘤
760,先天性肥厚性幽门狭窄,先天性肥厚性幽门狭窄
761,肠套叠,肠套叠
762,锁骨下动脉盗血综合征,锁骨下动脉盗血综合征
763,直肠阴道瘘,直肠阴道瘘
764,先天性肠疾病,先天性白血病,先天性佝偻病,先天性舞蹈病
765,血管性痴呆,血管性痴呆
766,先天性巨结肠,先天性巨结肠
767,膈疝,膈疝
768,颈部创伤,颈部损伤,颈部烧伤,咬合创伤
769,颅骨骨折,颅骨骨折
770,胰腺损伤,胰腺损伤
771,颅裂,肛裂,鼻裂,颅面裂
772,咽肌痉挛,咽肌痉挛
773,直肠损伤,直肠损伤
774,胆道先天性畸形,先天性眼畸形,先天性耳畸形,先天性鼻畸形
775,肝脓肿,肝脓肿
776,脾功能亢进,脾功能亢进
777,咽部异物,咽部肿物,面部异物,咽内异物
778,朊蛋白病,朊蛋白病
779,失血性休克,出血性休克,脓毒性休克,心源性休克
780,颞骨骨折,颞骨骨折
781,视神经脊髓炎,视神经乳头炎,视神经炎,视神经结核
782,神经源性体位性低血压,糖尿病性体位性低血压,体位性低血压,1型糖尿病性体位性低血压
783,桡神经麻痹,桡神经麻痹
784,喉刺伤,喉损伤,刀刺伤,喉结核
785,心脏损伤,心脏损伤
786,食管腐蚀伤,食管腐蚀伤
787,损伤性休克,创伤性休克,脓毒性休克,心源性休克
788,失用症,失用,败血症,脓毒症
789,失认症,失认,败血症,脓毒症
790,十二指肠憩室,十二指肠憩室
791,强直性肌营养不良症,强直性肌营养不良症
792,脑源性晕厥,脑源性晕厥
793,颅内静脉窦血栓,颅内静脉窦狭窄,颅内静脉窦静脉炎,颈内动脉缺血
794,肋间神经痛,肋间神经痛
795,腹膜后肿瘤,腹膜后肿物,腹膜间皮瘤,腹膜后间皮瘤
796,脑桥中央髓鞘溶解症,脑桥中央髓鞘溶解症
797,颅底凹陷症,眼窝凹陷,先天性颅底凹陷症,颅底骨折
798,小儿疝气,小儿肠炎,小肠疝,婴儿肠炎
799,淋巴结炎,淋巴结炎
800,弥漫性硬化,多发性硬化,结节性硬化,弥散性脑病
801,脑面血管瘤病,脑血管瘤,脑干血管瘤,脑血管病
802,耳廓外伤,耳廓挫伤,耳廓损伤,耳廓痈
803,脑动脉盗血综合征,无名动脉盗血综合征,锁骨下动脉盗血综合征,腘动脉陷迫综合征
804,腹膜炎,腹膜炎
805,先天性直肠肛管畸形,先天性气管畸形,先天性支气管畸形,先天性食管畸形
806,耳气压伤,气压伤,耳廓挫伤,耳部损伤
807,鼻窦骨折,筛窦骨折,额窦骨折,鼻骨骨折
808,鼓膜外伤,鼓膜穿孔,鼓膜萎缩,鼓膜炎
809,耳外伤,睑外翻,耳廓痈,耳廓疖
810,肺爆震伤,肺挫伤,肺结核,肺外结核
811,十二指肠损伤,十二指肠损伤
812,喉烫伤,喉损伤,喉结核,喉白喉
813,肝衰竭,肾衰竭,肝结核,卵巢衰竭
814,心脏起搏器植入术,心脏起搏器失灵,心脏停搏复苏成功,心脏停搏
815,冠状动脉造影,冠状动脉闭塞,冠状动脉栓塞,冠状动脉狭窄
816,食管异物,食管肿物,食管内异物,食管结核
817,心脏射频消融术,心脏射频消融术后,心脏恶性肿瘤,心脏良性肿瘤
818,喉挫伤,唇挫伤,颊挫伤,喉部挫伤
819,酒精性心肌病,酒精性心肌病
820,限制型心肌病,限制性心肌病,未定型心肌病,营养性心肌病
821,急性心包炎,急性心包炎
822,肺动脉瓣狭窄,肺动脉瓣狭窄
823,克山病,克山病
824,进行性延髓麻痹,进行性延髓麻痹
825,脊髓缺血性疾病,缺氧缺血性脑病,脊髓缺血,缺血性肾病
826,室性早搏,室性自搏,室性逸搏,性早熟
827,进行性脊肌萎缩症,进行性肌萎缩,进行性虹膜萎缩,脊髓性肌萎缩
828,三尖瓣狭窄,三尖瓣狭窄
829,脊髓出血性疾病,脊髓出血,急性出血性肠炎,脊髓痨性关节病
830,肌张力障碍,肌张力障碍
831,脊髓小脑性共济失调,脊髓小脑性共济失调
832,急性播散性脑脊髓炎,急性播散性脑脊髓炎
833,进行性多灶性白质脑病,进行性多灶性白质脑病
834,三尖瓣关闭不全,三尖瓣关闭不全
835,心房扑动,心房扑动
836,结节性硬化症,结节性硬化,结节性肝硬化,系统性硬化症
837,脊髓梗死,脊髓痨,脾梗死,骨髓坏死
838,莱姆病,莱姆病
839,特异性心肌病,特发性心肌病,营养性心肌病,代谢性心肌病
840,缩窄性心包炎,缩窄性心包炎
841,围生期心肌病,产褥期心肌病,新生儿心肌炎,营养性心肌病
842,室内传导阻滞,室内传导阻滞
843,肺动脉瓣关闭不全,肺动脉瓣关闭不全
844,肌无力综合征,肌间隙综合征,无脾综合征,麻疹综合征
845,粘连性肠梗阻,粘连性肠梗阻
846,腓总神经损害,腓总神经损害
847,高血压脑病,高血压性脑病,高血压,高血压1级
848,肌萎缩性侧索硬化,肌萎缩侧索硬化症,继发性侧索硬化,原发性侧索硬化症
849,红斑肢痛症,红斑性肢痛症,幻肢痛,舌痛症
850,壶腹周围癌,脾周围炎,迷路周围炎,阑尾周围炎
851,体表肿瘤,脑结核瘤,梅毒瘤,放线菌瘤
852,腹膜后血肿,腹膜后血肿
853,股外侧皮神经病,麻风性神经病,梅毒性多神经病,莱姆病性神经病
854,腹外疝,腹壁疝,腹疝,腹内疝
855,纤维瘤,纤维胸,纤维瘤病,梅毒瘤
856,胃肠道间质瘤,胃肠道恶性肿瘤,胃间皮瘤,结肠间皮瘤
857,股神经痛,枕神经痛,神经痛,眶上神经痛
858,肌强直性肌病,低钾性肌病,代谢性肌病,先天性肌病
859,肠瘘,肠瘘
860,腹股沟疝,腹股沟癣,双侧腹股沟疝,单侧腹股沟疝
861,胃穿孔,胃穿孔
862,窦房传导阻滞,窦房传导阻滞
863,窦性停搏,窦性停搏
864,病态窦房结综合征,病态窦房结综合征
865,出血性脑卒中,出血性脑梗死,出血性结肠炎,出血性水痘
866,晕厥,晕厥
867,休克,休克
868,急腹症,急腹症
869,窦性心律不齐,窦性心律失常,房性心律,结性心律
870,腹部创伤,腹部挫伤,腹部损伤,腹部冻伤
871,窦性心动过速,窦性心动过速
872,房性早搏,房性逸搏,性早熟,窦性停搏
873,多发性神经病,麻风性神经病,多发性脑神经炎,多发性单神经炎
874,二尖瓣狭窄,二尖瓣狭窄
875,二尖瓣关闭不全,二尖瓣关闭不全
876,房室传导阻滞,房室传导阻滞
877,反射性晕厥,反射性晕厥
878,房室交界区性逸搏,脑室交界性肿瘤,心室交界性肿瘤,房性逸搏
879,房室交界区性期前收缩,室性期前收缩,新生儿交界性期前收缩,频发性房性期前收缩
880,寄生虫性心肌炎,寄生虫性眼内炎,原虫性心肌炎,结核性心肌炎
881,房性心动过速,房性心动过速
882,窦性心动过缓,窦性心动过缓
883,慢性心衰,环性心境,慢性截瘫,慢性心包炎
884,肥厚型梗阻性心肌病,肥厚性梗阻性心肌病,肥厚性非梗阻性心肌病,肥厚性心肌病
885,心脏骤停,心脏停搏,心脏肥大,心脏扩大
886,非阵发性房室交界区性心动过速,阵发性房室折返性心动过速,阵发性交界性心动过速,阵发性房性心动过速
887,老年痴呆(阿尔茨海默病),阿尔茨海默病,阿尔茨海默病性痴呆,老年性舞蹈病
888,迟发性运动障碍,迟发性运动障碍
889,尺神经麻痹,尺神经麻痹
890,病毒性脑膜炎,病毒性脑膜炎
891,短暂性脑缺血发作,短暂性脑缺血发作
892,小脑萎缩,小脑萎缩
893,烟雾病,结核病,兔热病,猫抓病
894,臂丛神经损伤,臂丛神经损伤
895,巨脑回畸形,无脑畸形,脑裂畸形,眼眶畸形
896,闭锁综合征,闭锁综合征
897,Friedreich型共济失调,晚发型Friedreich共济失调,反射保留型Friedreich共济失调,先天性非进行性共济失调
898,失语,失语
899,嗜睡症,嗜眠症,嗜睡,败血症
900,脊髓小脑变性症,脊髓小脑变性,脊髓变性,小脑变性
901,佩梅病,结核病,兔热病,猫抓病
902,智力障碍,代谢障碍,认知障碍,焦虑障碍
903,适应障碍,适应障碍
904,斜颈,斜颈
905,Pick病和额颞痴呆,克-雅病性痴呆,皮克病性痴呆,额颞叶痴呆
906,胆囊息肉,胆囊息肉
907,胆管结石,胆管结石
908,睡眠-觉醒节律障碍,睡眠-觉醒节律障碍
909,肝内胆管结石,肝内胆管结石
910,胆囊结石,胆囊结石
911,体检,体虱,霍乱,伤寒
912,肝外胆管结石,肝内胆管结石,胆管结石,肝管结石
913,肠梗阻,肠梗阻
914,脂膜炎,脂膜炎
915,肠系膜血管缺血性疾病,肠系膜血管瘤,肠系膜血管损伤,肠道血管圆线虫病
916,多发性肌炎,多发性肌炎
917,胃食管反流病,胃食管反流,食管反流,食管结核
918,风湿热,风湿热
919,雷诺综合征,雷诺综合征
920,Behcet病,B型血友病,B群沙门菌肠炎,急性肠阿米巴病
921,多器官功能不全综合征,多脏器功能障碍综合征,骨髓发育不良综合征,器质性遗忘综合征
922,一氧化碳中毒,一氧化碳中毒
923,包涵体肌炎,包涵体肌炎
924,急性胰腺炎,急性胰腺炎
925,神经性呕吐,神经性麻风,神经性紫癜,神经性厌食
926,多发性大动脉炎,多发性大动脉炎
927,未分化脊柱关节病,脊柱骨关节病,脊髓痨性关节病,白血病性关节病
928,特发性炎症性肌病,症状性炎性肌病,特发性心肌病,特发性进行性神经病
929,急性胃炎,急性胃炎
930,慢性胰腺炎,慢性胰腺炎
931,酒精性肝硬化,酒精性肝硬化
932,胆汁反流性胃炎,反流性胃炎,胆汁淤积性肝炎,胆汁反流
933,神经性贪食,神经性贪食
934,骨盆骨折,骨盆骨折
935,急性心力衰竭,急性心力衰竭
936,自发性心绞痛,自发型心绞痛,稳定性心绞痛,不稳定性心绞痛
937,劳累性心绞痛,劳力型心绞痛,稳定性心绞痛,不稳定性心绞痛
938,心肌致密化不全,心肌功能不全,先天性心肌致密化不全,心肌供血不足
939,家族性肺动脉高压,家族性肺动脉高压
940,心肌桥,心肌病,心肌炎,心肌结核
941,药物性心肌病,药物性心肌炎,营养性心肌病,代谢性心肌病
942,永久性房颤,永久性心房颤动,癔症性震颤,家族性震颤
943,急性房颤,急性肠炎,急性截瘫,急性心房颤动
944,原发性肺动脉高压,原发性肺动脉高压
945,结核性心包炎,结核性心包炎
946,无症状性心肌缺血,急性心肌缺血,结核性心肌炎,无症状型鼠疫
947,特发性肺动脉高压,特发性肺动脉高压
948,慢性房颤,慢性截瘫,慢性心房颤动,慢性鼻炎
949,脚气病,脚气病
950,高钠血症,高钠血症
951,高钾血症,高钾血症
952,低钾血症,低钾血症
953,主动脉瓣关闭不全,主动脉瓣关闭不全
954,主肺动脉间隔缺损,室间隔缺损,房间隔缺损,主肺动脉窗
955,亚急性甲状腺炎,急性甲状腺炎,化脓性甲状腺炎,药物性甲状腺炎
956,阵发性房颤,阵发性心房颤动,继发性贫血,暴发性紫癜
957,低钠血症,低钠血症
958,糖尿病酮症酸中毒,糖尿病性酮症酸中毒,1型糖尿病性酮症酸中毒,2型糖尿病性酮症酸中毒
959,主动脉瓣狭窄,主动脉瓣狭窄
960,高甘油三酯血症,高甘油三酯血症
961,腓骨肌萎缩症,腓骨肌萎缩,面肌萎缩,颜面萎缩症
962,脑疝,脑疝
963,脑发育不良,牙根发育不良,宫颈发育不良,阴道发育不良
964,结核性脑膜炎,结核性脑膜炎
965,进行性肌营养不良症,进行性肌营养不良症
966,周围神经损伤,视神经损伤,动眼神经损伤,滑车神经损伤
967,痉挛性斜颈,痉挛性斜颈
968,线粒体脑肌病,线粒体脑肌病
969,多系统萎缩,多系统萎缩
970,肝豆状核变性,肝豆状核变性痴呆,豆状核出血,肝结核
971,不安腿综合症,麻疹综合征,塞扎里综合征,高粘滞综合征
972,高原反应,高原反应
973,妄想性障碍,妄想性障碍
974,社交恐惧症,社交恐怖,炭疽败血症,败血症
975,儿童恐惧症,儿童孤独症,恋童症,儿童皮肌炎
976,心身疾病,心肌病,阿米巴病,贾第虫病
977,神经性厌食症,神经性厌食,神经性贪食,神经性麻风
978,非霍奇金淋巴瘤,非霍奇金淋巴瘤
979,急性心因性反应,急性应激反应,急性细菌性痢疾,急性出血性肠炎
980,儿童分离性焦虑障碍,童年离别焦虑障碍,器质性焦虑障碍,广泛性焦虑障碍
981,肠痉挛,肠痉挛
982,摩擦症,败血症,脓毒症,菌血症
983,急性短暂性精神障碍,药物源性精神障碍,偏执性精神障碍,心因性偏执性精神障碍
984,异装症,异食症,败血症,脓毒症
985,梦游症,败血症,脓毒症,菌血症
986,早期精神分裂症,精神分裂症,偏执型精神分裂症,青春型精神分裂症
987,路易体痴呆,路易体痴呆
988,慢性淋巴细胞白血病,慢性淋巴细胞白血病
989,恶性贫血,恶性贫血
990,霍奇金淋巴瘤,霍奇金淋巴瘤
991,水电解质紊乱和酸碱平衡,电解质紊乱,新生儿电解质紊乱,酶代谢紊乱性贫血
992,弥散性血管内凝血,弥散性血管内凝血
993,身心疾病,心肌病,阿米巴病,贾第虫病
994,中毒,丹毒,梅毒,酸中毒
995,延迟性心因性反应,偏执性反应,急性应激反应,心因性耳聋
996,厌学,霍乱,伤寒,肠炎
997,骨髓移植,骨髓抑制,骨髓坏死,骨髓移植排斥
998,非器质性性乐高潮障碍,非器质性精神障碍,非器质性睡眠障碍,器质性紧张性障碍
999,青少年心理叛逆,青少年失神癫痫,青少年脊柱侧弯,青少年春季疹
1000,造血干细胞移植,造血干细胞供者,造血干细胞移植状态,脐血干细胞移植状态
1001,非器质性性交疼痛,非器质性性交疼痛
1002,非器质性冷阴,非器质性嗜睡症,非器质性遗尿症,非器质性遗粪症
1003,校园人际关系,双重人格障碍,多重人格障碍,人格障碍
1004,早恋,早泄,霍乱,伤寒
1005,胃下垂,胃下垂
1006,功能性消化不良,肠消化不良,消化不良,新生儿消化不良
1007,慢性浅表性胃炎,慢性浅表性胃炎
1008,幼年型皮肌炎,幼年型皮肌炎
1009,克罗恩病,克-雅病,克山病,克拉贝病
1010,非器质性阴道痉挛,非器质性阴道痉挛
1011,纤维肌痛综合征,梨状肌综合征,冈上肌综合征,纤维肌痛
1012,无肌病性皮肌炎,无肌病皮肌炎,结节病性肌炎,结节病性心肌炎
1013,慢性胃炎,慢性胃炎
1014,贲门失弛缓症,贲门失弛缓,贲门松弛,贲门撕裂症
1015,肠结核,肠结核
1016,窥阴症,露阴症,窥淫症,败血症
1017,慢性腹泻,慢性腹泻
1018,十二指肠溃疡,十二指肠溃疡
1019,恋物症,恋物症
1020,梦魇,梦魇
1021,非器质性性欲减退,非器质性性交疼痛,非器质性精神障碍,非器质性嗜睡症
1022,慢性结肠炎,慢性结肠炎
1023,胃肿瘤,胃肠炎,胃结核,梅毒瘤
1024,婆媳关系,霍乱,霍乱轻型,霍乱中型
1025,夫妻情感问题,双相情感障碍,避孕问题,生育问题
1026,露阴症,露阴症
1027,银屑病性关节炎,血友病性关节炎,银屑病性肾炎,沙门菌性关节炎
1028,大动脉炎,大动脉炎
1029,结节性多动脉炎,结节性多动脉炎
1030,韦格纳肉芽肿,阿米巴肉芽肿,腹股沟肉芽肿,嗜酸性肉芽肿
1031,巨细胞动脉炎,视网膜动脉炎,冠状动脉炎,巨细胞型心肌炎
1032,心脏瓣膜性疾病,心脏瓣膜病,心脏瓣膜穿孔,心脏恶性肿瘤
1033,心肌缺血,心肌结核,脊髓缺血,急性心肌缺血
1034,急性呼吸窘迫综合征,急性呼吸窘迫综合征
1035,三尖瓣下移畸形,三尖瓣下移,三尖瓣狭窄,三尖瓣关闭不全
1036,心内膜炎,心内膜炎
1037,预激综合征,麻疹综合征,间脑综合征,法伯综合征
1038,继发性高血压,继发性高血压
1039,室间隔缺损,室间隔缺损
1040,持续性房颤,持续性心房颤动,持续性血尿,持续性发热
1041,尘肺,尘肺
1042,矽肺,尘肺,霍乱,伤寒
1043,扩张型心肌病,未定型心肌病,营养性心肌病,代谢性心肌病
1044,炎症性肠病关节炎,结核性关节炎,梅毒性关节炎,风疹性关节炎
1045,室性心动过速,室性心动过速
1046,肥厚型心肌病,肥厚性心肌病,心尖肥厚型心肌病,未定型心肌病
1047,动脉粥样硬化,动脉粥样硬化
1048,肺动脉高压,肺动脉高压
1049,心包积液,心包积液
1050,低血压,低血压
1051,肺动脉口狭窄,肺动脉狭窄,肺动脉瓣狭窄,肺静脉狭窄
1052,肺水肿,肺水肿
1053,心包炎,心包炎
1054,淋巴管肌瘤病,淋巴管瘤,淋巴丝虫病,淋巴瘤
1055,催乳素瘤,脑结核瘤,梅毒瘤,放线菌瘤
1056,肺脓肿,肺脓肿
1057,共济失调,共济失调
1058,呼吸衰竭,呼吸衰竭
1059,高胆固醇血症,高胆固醇血症
1060,库欣综合征,类库欣综合征,麻疹综合征,间脑综合征
1061,席汉氏综合症,麻疹综合征,塞扎里综合征,高粘滞综合征
1062,发育迟缓,性发育迟缓,发育迟滞,身体发育迟缓
1063,巨人症,巨牙症,巨乳症,败血症
1064,嗜铬细胞瘤,肝母细胞瘤,浆细胞瘤,骨浆细胞瘤
1065,甲状旁腺机能亢进,甲状旁腺功能亢进,甲状腺功能亢进症,甲状旁腺功能减退
1066,高渗性非酮症糖尿病昏迷,脆性糖尿病,暴发性1型糖尿病,肝性糖尿病
1067,先天性肾上腺皮质增生症,先天性肾上腺皮质增生症
1068,肢端肥大症,肢端肥大症
1069,肾上腺疾病,肾上腺结核,肾上腺危象,肾上腺出血
1070,尿崩症,尿崩症
1071,低血糖症,低血糖症
1072,肾上腺皮质功能减退症,肾上腺皮质功能亢进,原发性肾上腺皮质功能减退症,药源性肾上腺皮质功能减退症
1073,单纯性甲状腺肿,单纯性甲状腺肿
1074,格林巴利综合征,麻疹综合征,塞扎里综合征,高粘滞综合征
1075,中枢神经系统脱髓鞘疾病,中枢神经系统结核,中枢神经系统恶性肿瘤,中枢神经系统感染
1076,急性脊髓炎,急性脊髓炎
1077,肌病,肌病
1078,隐匿性肾小球肾炎,隐匿型肾小球肾炎,急性肾小球肾炎,急进性肾小球肾炎
1079,脑萎缩,脑萎缩
1080,继发性肾脏疾病,继发性糖尿病,继发性心肌病,继发性关节病
1081,溶血尿毒综合征,溶血-尿毒综合征,噬血细胞综合征,女性尿道综合征
1082,慢性肾小球肾炎,慢性肾小球肾炎
1083,急性肾小球肾炎,急性肾小球肾炎
1084,锥体外系疾病,锥体外系综合征,镰状细胞疾病,嗅神经疾病
1085,偏头痛,偏头痛
1086,肾小管性酸中毒,肾小管酸中毒,代谢性酸中毒,高血氯性酸中毒
1087,Fanconi综合征,Omenn综合征,Danon病,Mirrizi综合征
1088,急性肾功能衰竭,肝肾功能衰竭,急性肾衰竭,急性肾功能不全
1089,脑栓塞,脑栓塞
1090,运动神经元病,运动神经元病
1091,周围神经病损,周围神经病性震颤,三叉神经病,肋间神经病
1092,急进性肾小球肾炎,急进性肾小球肾炎
1093,慢性肾功能衰竭,肝肾功能衰竭,慢性肾衰竭,慢性肾功能不全
1094,胃出血,胃出血
1095,维生素K缺乏症,维生素E缺乏症,维生素K缺乏,维生素A缺乏
1096,血管性血友病,血管性血友病
1097,急性白血病,急性白血病
1098,恶性组织细胞病,网状组织细胞瘤,皮下组织囊虫病,浆细胞病
1099,缺铁性贫血,缺铁性贫血
1100,骨髓纤维化,急性骨髓纤维化,脾纤维化,囊性纤维化
1101,特发性血小板减少性紫癜,特发性血小板减少性紫癜
1102,肾小管疾病,肌小管肌病,肾小球肾病,肾小球病
1103,地中海贫血,地中海贫血
1104,溶血性贫血,溶血性贫血
1105,真性红细胞增多症,真性红细胞增多症
1106,原发性血小板增多症,原发性血小板增多症
1107,遗传性球形细胞增多症,遗传性球形红细胞增多症,遗传性卵形红细胞增多症,遗传性椭圆形红细胞增多症
1108,急性粒细胞白血病,急性粒细胞性白血病,急性淋巴细胞白血病,慢性粒细胞性白血病
1109,T细胞淋巴瘤,T细胞淋巴瘤
1110,自身免疫性溶血性贫血,自身免疫性溶血性贫血
1111,过敏性结膜炎,过敏性结肠炎,白喉性结膜炎,沙眼性结膜炎
1112,家庭暴力,喉肌无力,肌无力,凶暴
1113,单亲儿童心理问题,与亲子有关的问题,新生儿心肌炎,儿童孤独症
1114,POEMS综合征,CLOVES综合征,肺结核原发综合征,中毒性休克综合征
1115,性身份障碍,性身份障碍
1116,性指向障碍,性身份障碍,性偏好障碍,性成熟障碍
1117,自闭症,败血症,脓毒症,菌血症
1118,癔症,酮症,鼾症,霍乱
1119,躯体疾病所致精神障碍,疟疾所致精神障碍,心脏病所致精神障碍,胆道感染所致精神障碍
1120,精神发育迟滞,精神发育迟滞
1121,儿童白血病,急性白血病,慢性白血病,皮肤白血病
1122,阵发性睡眠性血红蛋白尿,阵发性睡眠性血红蛋白尿
1123,遗传性出血性毛细血管扩张症,遗传性出血性毛细血管扩张症
1124,发作性睡病,发作性睡病
1125,脑器质性精神障碍,非器质性精神障碍,器质性躁狂障碍,器质性双相障碍
1126,牛奶蛋白过敏,朊蛋白病,巨球蛋白血症,血红蛋白增高
1127,职业发展,职业性炭疽,躁狂发作,抑郁发作
1128,风湿性多肌痛,风湿性多肌痛
1129,职场人际,广场恐怖,霍乱,霍乱轻型
1130,性施虐症与性受虐症,施虐症,受虐症,不动杆菌属性败血症
1131,生涯规划,生育检验,生育调查,生育问题
1132,失恋,失眠,失语,失读
1133,恋爱困惑,恋物症,恋童症,呼吸困难
1134,网恋,霍乱,伤寒,肠炎
1135,离婚,霍乱,伤寒,肠炎
1136,骨感染病,骨结核病,骨囊虫病,感染
1137,应激障碍,代谢障碍,认知障碍,焦虑障碍
1138,血管炎,血管瘤,肺血管炎,气管炎
1139,坏死性筋膜炎,坏死性筋膜炎
1140,人格障碍,人格障碍
1141,婚外恋,睑外翻,外痔,尿外渗
1142,成人斯蒂尔病,幼年型斯蒂尔病,巴斯德菌病,李斯特菌病
1143,亲子关系,痱子,转子腱炎,肠子宫瘘
1144,品行障碍,品行障碍
1145,慢性萎缩性胃炎,慢性萎缩性胃炎
1146,消化道出血,上消化道出血,下消化道出血,胆道出血
1147,脑脓肿,脑脓肿
1148,性心理障碍,性身份障碍,性偏好障碍,性成熟障碍
1149,心肌梗死,心肌结核,脾梗死,急性心肌梗死
1150,心绞痛,心绞痛
1151,2型糖尿病,2型糖尿病
1152,Graves病,妊娠合并Graves病,a重链病,Danon病
1153,心理应激,心室预激,心理治疗,心包结核
1154,肺栓塞,肺栓塞
1155,阵发性室上性心动过速,阵发性室上性心动过速
1156,甲状旁腺功能减退症,甲状旁腺功能减退,甲状腺功能减退,甲状腺功能亢进症
1157,结节病,结节病
1158,肾小球肾炎,肾小球肾炎
1159,肾囊肿,脾囊肿,脑囊肿,鼻囊肿
1160,糖尿病神经病变,糖尿病性肾病,糖尿病性单神经病,糖尿病性股神经病
1161,心理障碍,代谢障碍,认知障碍,焦虑障碍
1162,胸膜炎,胸膜炎
1163,脑膜炎,脑膜炎
1164,间质性肾炎,间质性肺炎,间质性肌炎,间质肾炎
1165,婚恋心理问题,避孕问题,生育问题,心理治疗
1166,1型糖尿病,1型糖尿病
1167,变应性肉芽肿血管炎,变应性肉芽肿性脉管炎,变应性血管炎,嗜酸性肉芽肿性血管炎
1168,心理咨询,遗传咨询,心理治疗,心包结核
1169,肥胖症,肥胖,败血症,脓毒症
1170,败血症,败血症
1171,职场心理问题,避孕问题,生育问题,心理治疗
1172,花粉症,花粉病,败血症,脓毒症
1173,变应性血管炎,变应性血管炎
1174,躁郁症,败血症,脓毒症,菌血症
1175,嗜酸性粒细胞增多症,肺嗜酸性粒细胞增多症,急性红细胞增多症,真性红细胞增多症
1176,恐惧症,败血症,脓毒症,菌血症
1177,躁狂症,败血症,脓毒症,菌血症
1178,过敏性休克,过敏性休克
1179,进食障碍,进食障碍
1180,垂体瘤,垂体炎,垂体结核,梅毒瘤
1181,心脏搭桥,心脏停搏,心脏肥大,心脏扩大
1182,永存动脉干,共同动脉干,结膜动脉瘤,心脏动脉瘤
1183,心脏移植,心脏停搏,心脏肥大,心脏扩大
1184,眼部整形,眼皮整形,臀部整形,颏部整形
1185,心脏瓣膜手术,心脏瓣膜病,心脏瓣膜穿孔,心瓣膜钙化
1186,隆鼻,鞍鼻,霍乱,伤寒
1187,心脏瓣膜置换术,心脏瓣膜病,心脏瓣膜穿孔,心瓣膜钙化
1188,去眼袋,沙眼,下睑袋,干眼症
1189,副乳,副乳
1190,倒睫,倒睫
1191,隆胸,脓胸,气胸,血胸
1192,原发性心脏恶性肿瘤,心脏恶性肿瘤,心包恶性肿瘤,心房恶性肿瘤
1193,肺动脉狭窄,肺动脉狭窄
1194,主动脉真性动脉瘤,主动脉弓动脉瘤,主动脉弓假性动脉瘤,升主动脉假性动脉瘤
1195,室壁瘤,室壁瘤
1196,部分型肺静脉异位引流,部分型肺静脉异位引流
1197,胸主动脉瘤,胸主动脉瘤
1198,心包囊肿,心肌囊肿,心包结核,脾囊肿
1199,先天性二尖瓣关闭不全,先天性二尖瓣关闭不全
1200,法洛三联症,法洛三联症
1201,冠状动脉起源异常,冠状动脉起源异常
1202,完全性肺静脉异位引流,完全型肺静脉异位引流,部分型肺静脉异位引流,"完全性肺静脉异位引流,混合型"
1203,先天性冠状动脉瘤,先天性冠状动脉瘤
1204,乳头肌功能不全,乳头肌功能不全
1205,主动脉窦动脉瘤破裂,主动脉夹层动脉瘤破裂,主动脉弓动脉瘤,主动脉瘤破裂
1206,心包肿瘤,心包结核,心包恶性肿瘤,心包间皮瘤
1207,主动脉假性动脉瘤,主动脉弓假性动脉瘤,升主动脉假性动脉瘤,降主动脉假性动脉瘤
1208,冠状动静脉瘘,冠状动脉瘘,冠状动脉动静脉瘘,冠状动脉瘤
1209,肺肿瘤,肺肿物,肺结核,肺鼠疫
1210,胸腺瘤,胸腺病,梅毒瘤,间皮瘤
1211,大动脉错位,大动脉转位,大动脉炎,脑动脉痉挛
1212,肺转移性肿瘤,肺门恶性肿瘤,肺恶性肿瘤,广泛转移性肿瘤
1213,主动脉缩窄,主动脉缩窄
1214,马凡氏综合征,马尾综合征,麻疹综合征,塞扎里综合征
1215,单心房,单心房
1216,主动脉口狭窄,主动脉瓣狭窄,主动脉弓狭窄,肺动脉狭窄
1217,支气管腺瘤,支气管结核,支气管脂肪瘤,支气管动脉瘤
1218,肺静脉异位引流,完全型肺静脉异位引流,部分型肺静脉异位引流,肺静脉狭窄
1219,先天性肺囊性病,先天性肾囊性病,先天性肺囊肿,先天性囊性肺
1220,胸膜间皮瘤,胸膜间皮瘤
1221,气管狭窄,气管狭窄
1222,食管狭窄,食管狭窄
1223,胸壁结核,胸壁结核
1224,肺动静脉瘘,肺动静脉瘘
1225,气管肿瘤,气管肿物,气管结核,气管恶性肿瘤
1226,膈肌疾病,肌病,心肌病,膈肌麻痹
1227,胸壁疾病,胸壁结核,胸腺病,胸壁窦道
1228,食管憩室,气管憩室,食管结核,脑室憩室
1229,肺动脉闭锁,肺动脉闭锁
1230,食管良性肿瘤,食管良性肿瘤
1231,胸膜疾病,胸腺病,胸膜肥厚,胸膜斑
1232,开眼角,沙眼,干眼症,双眼盲
1233,肾移植,肾结核,肾炎,肾盂炎
1234,内窥镜隆胸,结核性气胸,结核性脓胸,内毒素血症
1235,双眼皮修复,双眼盲,眼皮整形,处女膜修复
1236,隆下颏,软下疳,甲下痣,小下颌
1237,内窥镜除皱,内毒素血症,内部水蛭病,内分泌失调
1238,孤立肾,游走肾,重复肾,附加肾
1239,重复肾盂输尿管畸形,囊性肾盂输尿管炎,先天性输尿管畸形,肾输尿管结石
1240,膀胱肿瘤,膀胱肿物,膀胱结核,膀胱恶性肿瘤
1241,儿茶酚胺症,儿童孤独症,炭疽败血症,败血症
1242,异位肾,原位癌,异食症,游走肾
1243,蹄铁形肾,卵形疟,铁缺乏,锥形牙
1244,泌尿系统结核,泌尿系结核,泌尿系结石,生殖系结核
1245,风湿性心脏瓣膜病,风湿性联合瓣膜病,风湿性心脏病,老年性心脏瓣膜病
1246,心脏粘液瘤,心脏动脉瘤,心脏恶性肿瘤,心包间皮瘤
1247,脓胸,脓胸
1248,二尖瓣脱垂综合症,二尖瓣脱垂综合征,二尖瓣脱垂,三尖瓣脱垂
1249,法洛四联症,法洛四联症
1250,胸壁肿瘤,胸壁肿物,胸壁结核,胸壁脂肪瘤
1251,输尿管囊肿,输尿管囊肿
1252,肺大疱,肺大疱
1253,继发性肺动脉高压,继发性肺动脉高压
1254,胸部创伤,胸部挫伤,胸部损伤,胸部冻伤
1255,血胸,血胸
1256,胸腔积液,胸腔积液
1257,单心室,单心室
1258,气胸,气胸
1259,漏斗胸,脓气胸,脓胸,气胸
1260,面部吸脂,面部疖肿,面部痈,面部瘢痕
1261,注射美容,反射异常,放射病,热射病
1262,阴道紧缩,阴道炎,阴道脓肿,阴道溃疡
1263,唇部整形,臀部整形,颏部整形,颏部畸形
1264,下颌整形,下颌整形
1265,性器官整形,乳房整形,眼皮整形,低眉弓整形
1266,除皱,霍乱,伤寒,肠炎
1267,乳房整形,乳房整形
1268,脱毛,脱水,脱发,霍乱
1269,义眼,义眼
1270,植发,脱发,白发,灰发
1271,处女膜修补,处女膜修复,处女膜息肉,处女膜闭锁
1272,变性手术,急性肠炎,气性坏疽,隐性梅毒
1273,鼻部整形,臀部整形,颏部整形,鼻整形
1274,吸脂,吸脂
1275,毛发整形,毛发囊肿,毛发苔藓,乳房整形
1276,耳部整形,臀部整形,耳垂整形,颏部整形
1277,肾血管性高血压,肾血管性高血压
1278,男性节育,男性不育症,急性肠炎,气性坏疽
1279,肾的先天性畸形,先天性眼畸形,先天性耳畸形,先天性鼻畸形
1280,肾盂肿瘤,肾恶性肿瘤,肾盂恶性肿瘤,肾脂肪瘤
1281,肾癌,肾炎,肾病,霍乱
1282,阴茎再造,阴茎结核,阴茎白斑,阴茎炎
1283,巨乳症,巨乳症
1284,包茎,包茎
1285,阴茎延长,阴茎结核,阴茎白斑,阴茎炎
1286,肾损伤,肾损伤
1287,眼睑异常,眼睑疖肿,眼睑脓肿,眼睑皮炎
1288,尿道上裂,尿道上裂
1289,烧伤整形,烧伤,乳房整形,眼皮整形
1290,膀胱结石,膀胱结石
1291,膀胱外翻,膀胱结核,膀胱息肉,睑外翻
1292,面部轮廓整形,面部血管畸形,面部皱纹整容,颞部凹陷整形
1293,肾错构瘤,肾错构瘤
1294,尿道结石,尿道结石
1295,双眼皮手术,双眼盲,眼皮整形,眼结核
1296,尿道损伤,尿道损伤
1297,鞘膜积液,鞘膜积液
1298,先天性泌尿系畸形,先天性泌尿道畸形,先天性输尿管畸形,先天性低脊髓畸形
1299,神经源性膀胱,神经源性膀胱
1300,泌尿生殖系损伤,生殖系结核,泌尿系结核,泌尿生殖系统滴虫病
1301,肾母细胞瘤,肝母细胞瘤,浆细胞瘤,骨浆细胞瘤
1302,睾丸扭转,睾丸扭转
1303,肾下垂,肾下垂
1304,膀胱瘘,膀胱瘘
1305,男性生殖器畸形,男性生殖器瘢痕,男性生殖器血管瘤,先天性男性生殖器畸形
1306,难治性伤口,难治性贫血,难治性癫痫,难治性白血病
1307,男性病,结核病,兔热病,猫抓病
1308,输尿管结石,输尿管结石
1309,尿道下裂,尿道下裂
1310,上睑下垂,上睑下垂
1311,腺性膀胱炎,腺性膀胱炎
1312,膀胱炎,膀胱炎
1313,尿道炎,尿道炎
1314,肾积水,肾积水
1315,疤痕,瘢痕,霍乱,伤寒
1316,睾丸癌,睾丸炎,睾丸结核,原位癌
1317,尿路梗阻,尿路梗阻
1318,肾结核,肾结核
1319,包皮过长,包皮过长
1320,包皮龟头炎,包皮龟头炎
1321,烫伤,产伤,烧伤,冻伤
1322,太田痣,痣,甲下痣,雀斑痣
1323,唇腭裂,唇皲裂,唇结核,牙隐裂
1324,隐睾,隐睾
1325,阴茎癌,阴茎炎,阴茎瘘,阴茎结核
1326,肾脓肿,肾脓肿
1327,桡骨下端骨折,桡骨近端骨折,桡骨远端骨折,肱骨近端骨折
1328,脊柱侧弯,脊柱侧弯
1329,胫神经损伤,胫神经损伤
1330,肋骨骨折,肋骨骨折
1331,成骨不全,鼻骨结核,腭骨结核,颌骨结核
1332,下肢神经损伤,下肢神经损伤
1333,多指畸形,多睾畸形,眼眶畸形,角膜畸形
1334,颈椎骨折,颈椎骨折
1335,泪腺混合瘤,泪腺恶性肿瘤,乳腺淋巴瘤,腮腺脂肪瘤
1336,泪腺囊样腺癌,泪腺囊肿,泪腺恶性肿瘤,腮腺原位癌
1337,虹膜囊肿,虹膜囊肿
1338,并指畸形,眼眶畸形,角膜畸形,少牙畸形
1339,横纹肌肉瘤,横纹肌溶解,肝血管肉瘤,卡波西肉瘤
1340,巩膜炎,巩膜炎
1341,眼眶脑膜瘤,鞍部脑膜瘤,鞍隔脑膜瘤,蝶骨脑膜瘤
1342,眼眶海绵状血管瘤,眶内血管瘤,眼球血管瘤,海绵状淋巴管瘤
1343,脊柱结核,脊柱结核
1344,肩关节损伤,肩关节扭伤,腕关节损伤,膝关节损伤
1345,胸椎管狭窄,胸椎管狭窄
1346,脊柱肿瘤,脊柱结核,脊柱恶性肿瘤,脊柱良性肿瘤
1347,类癌,霍乱,伤寒,肠炎
1348,骨囊肿,骨囊肿
1349,晶状体脱位,晶状体脱位
1350,沙眼,沙眼
1351,骨癌,骨赘,骨刺,骨痛
1352,骨缺损,颌骨缺损,骨梅毒,硒缺乏
1353,股骨颈骨折,股骨颈骨折
1354,外耳道肿瘤,外耳道肿物,外耳道结核,外耳道血管瘤
1355,咽喉恶性肿瘤,咽喉恶性肿瘤
1356,视神经炎,视神经炎
1357,眼睑肿瘤,眼睑肿物,眼睑恶性肿瘤,眼恶性肿瘤
1358,眼睑炎症,眼睑疖肿,眼睑脓肿,眼睑皮炎
1359,结膜病,结核病,结节病,结膜炎
1360,失明,失眠,失语,失读
1361,坐骨神经损伤,坐骨神经损伤
1362,黄斑水肿,黄斑水肿
1363,泪腺肿瘤,泪腺肿物,泪腺恶性肿瘤,泪腺良性肿瘤
1364,肘管综合征,肘管综合征
1365,视神经萎缩,视神经萎缩
1366,角膜病,角膜炎,角膜瘘,角化病
1367,眼睑病,眼睑瘘,结核病,眼结核
1368,玻璃体混浊,玻璃体混浊
1369,玻璃体病,玻璃体疝,衣原体病,线粒体病
1370,骨转移癌,骨结核病,骨梅毒,骨囊虫病
1371,翼状胬肉,翼状胬肉
1372,葡萄膜病,视网膜病,葡萄胎,阿米巴病
1373,视神经病,视神经病
1374,桡骨头半脱位,桡骨头半脱位
1375,弱视,弱视
1376,胸腰椎骨折,胸椎骨折,腰椎骨折,寰椎骨折
1377,颞下颌关节脱位,颞下颌关节脱位
1378,绒毛结节性滑膜炎,结核性滑膜炎,结节性筋膜炎,结核性胸膜炎
1379,膝关节韧带损伤,膝关节副韧带损伤,膝关节副韧带扭伤,膝关节十字韧带损伤
1380,正中神经损伤,正中神经损害,正中神经麻痹,视神经损伤
1381,软骨瘤,梅毒瘤,软下疳,间皮瘤
1382,旋后肌综合征,旋前圆肌综合征,梨状肌综合征,冈上肌综合征
1383,膝关节结核,膝关节结核
1384,梨状肌综合征,梨状肌综合征
1385,桡神经损伤,桡神经损害,视神经损伤,面神经损伤
1386,葡萄膜炎,脑膜炎,蛛网膜炎,硬脑膜炎
1387,圆锥角膜,圆锥角膜
1388,眼球破裂,眼球破裂伤,眼球后炎,眼球突出
1389,角膜移植,角膜结核,角膜穿孔,角膜溃疡
1390,膝关节半月板损伤,膝关节副韧带损伤,膝关节损伤,膝关节多处损伤
1391,腕管综合征,腕管综合征
1392,中渗,中暑,霍乱,伤寒
1393,斜视,斜视
1394,中浆,中暑,霍乱,伤寒
1395,糖尿病视网膜病变,糖尿病性视网膜病变,1型糖尿病性视网膜病变,2型糖尿病性视网膜病变
1396,黄斑变性,黄斑变性
1397,黄斑前膜,黄斑前膜
1398,青光眼,青光眼
1399,眼外伤,眼结核,眼鼠疫,眼睑瘘
1400,泪囊炎,泪囊炎
1401,眼球震颤,眼球震颤
1402,视网膜脱落,视网膜脱离,视网膜结核,视网膜炎
1403,视网膜病,视网膜病
1404,角膜炎,角膜炎
1405,小儿弱视,小儿肠炎,弱视,婴儿肠炎
1406,霰粒肿,足菌肿,脾脓肿,脾囊肿
1407,黄斑裂孔,黄斑裂孔
1408,白内障,白内障
1409,麦粒肿,足菌肿,脾脓肿,脾囊肿
1410,小儿斜视,小儿肠炎,内斜视,外斜视
1411,髋关节结核,髋关节结核
1412,泪道阻塞,泪道阻塞
1413,胫骨结节骨软骨病,胫骨结节幼年型骨软骨病,胫骨幼年型骨软骨病,胫骨结节骨折
1414,肩锁关节脱位,肩锁关节脱位
1415,胫骨平台骨折,胫骨平台骨折
1416,结膜炎,结膜炎
1417,胫腓骨干骨折,胫骨干骨折,腓骨干骨折,锁骨干骨折
1418,屈光不正,屈光不正
1419,早产儿视网膜病变,早产儿视网膜病,缺血性视网膜病变,药物性视网膜病变
1420,髌骨脱位,髌骨脱位
1421,肋软骨炎,肋软骨炎
1422,臂丛神经痛,臂丛神经炎,眶上神经痛,三叉神经痛
1423,脊髓灰质炎,急性脊髓灰质炎,脊髓炎,脊髓灰质炎病史
1424,髌骨软骨软化症,髌骨软骨软化,产褥期骨软化症,老年性骨软化症
1425,骨样骨瘤,骨淋巴瘤,骨脂肪瘤,骨血管瘤
1426,动脉瘤性骨囊肿,动脉瘤性骨囊肿
1427,股骨头软骨病,骨软骨病,股骨头骨折,耻骨骨软骨炎
1428,骨嗜酸性肉芽肿,嗜酸性肉芽肿,骨嗜酸细胞肉芽肿,肠嗜酸细胞肉芽肿
1429,脉络膜恶性黑色素瘤,唇恶性黑色素瘤,眼睑恶性黑色素瘤,耳廓恶性黑色素瘤
1430,髂骨致密性骨炎,致密性骨炎,结核性骨炎,髂骨恶性肿瘤
1431,骨软骨病,骨软骨病
1432,网球肘,眼球痨,霍乱,伤寒
1433,尺神经损伤,尺神经损害,视神经损伤,面神经损伤
1434,滑膜肉瘤,滑膜结核,脊膜瘤,脑膜瘤
1435,软骨肉瘤,软骨软化,软骨溶解,脑结核瘤
1436,视网膜母细胞瘤,肝母细胞瘤,视网膜恶性肿瘤,视网膜良性肿瘤
1437,小睑裂,小脑炎,眼睑瘘,下睑袋
1438,跟腱断裂,跟腱断裂
1439,脉络膜血管瘤,脉络膜血管瘤
1440,脉络膜骨瘤,脉络膜结核,脉络膜结核瘤,脉络膜血管瘤
1441,眼肿瘤,眼结核,眼鼠疫,梅毒瘤
1442,脉络膜转移癌,脉络膜结核,脉络膜结核瘤,脉络膜血管瘤
1443,眼眶肿瘤,眼眶结核,眼恶性肿瘤,眼淋巴瘤
1444,睑外翻,睑外翻
1445,葡萄膜肿瘤,葡萄膜恶性肿瘤,唇恶性肿瘤,舌恶性肿瘤
1446,眼睑闭合不全,睑裂闭合不全,声带闭合不全,瘢痕性睑闭合不全
1447,跟骨骨折,跟骨骨折
1448,趾骨骨折,趾骨骨折
1449,睑内翻,睑内翻
1450,远视,远视
1451,屈光参差,屈光参差
1452,跖骨骨折,跖骨骨折
1453,老花眼,沙眼,天花,青光眼
1454,散光,散光
1455,近视眼手术,近视,眼结核,眼鼠疫
1456,内眦赘皮,眼睑赘皮,内眦移位,内眦瘢痕
1457,骨肉瘤,梅毒瘤,骨梅毒,间皮瘤
1458,骨结核病,骨结核病
1459,肩关节脱位,肩关节半脱位,肩锁关节脱位,肘关节脱位
1460,近视,近视
1461,脊膜膨出,脊膜膨出
1462,胸廓出口综合症,胸廓出口综合征,麻疹综合征,手足口病重症
1463,骨巨细胞瘤,骨浆细胞瘤,肝母细胞瘤,浆细胞瘤
1464,骨纤维结构不良,肱骨纤维结构不良,股骨纤维结构不良,胫骨纤维结构不良
1465,脑室内出血与血肿,脑室出血,眶内血肿,眼内出血
1466,颅内动静脉畸形,髓内动静脉畸形,腮腺动静脉畸形,子宫动静脉畸形
1467,脊髓压迫症,脊髓压迫症
1468,脊髓半切征,脊髓痨,脊髓囊虫病,脊髓淋巴瘤
1469,先天性并指多指畸形,先天性指畸形,先天性指甲畸形,先天性多发畸形
1470,脊髓血管疾病,脊髓血管栓塞,周围血管疾病,脊髓血管畸形
1471,脊柱转移瘤,脊柱血管瘤,脊柱结核,脊柱恶性肿瘤
1472,滑囊炎,滑囊炎
1473,颅内压增高,颅内压增高
1474,神经卡压综合征,脊神经嵌压综合征,正中神经卡压综合征,胫后神经卡压综合征
1475,颈动脉海绵窦瘘,颈内动脉海绵窦瘘,海绵窦炎,颈动脉狭窄
1476,颅内血肿,颅内脓肿,颅内囊肿,眶内血肿
1477,头皮裂伤,头皮挫伤,头皮烧伤,头皮感染
1478,脊髓前综合征,脊髓前索综合征,脊髓前动脉综合征,胫前综合征
1479,颅脑先天畸形,颌骨后天畸形,腭后天畸形,无脑畸形
1480,硬脑膜外脓肿,硬脊膜外脓肿,硬膜外脓肿,硬脊膜下脓肿
1481,头皮撕脱伤,头皮撕脱,头皮挫伤,眼撕脱伤
1482,头皮血肿,头皮血肿
1483,狭颅症,败血症,脓毒症,菌血症
1484,中枢性原始神经外胚层肿瘤,中枢神经系统恶性肿瘤,中枢神经系统结核,臂神经恶性肿瘤
1485,硬脑膜外血肿,硬脊膜外脓肿,硬膜外脓肿,硬脊膜外囊肿
1486,神经母细胞瘤,肝母细胞瘤,免疫母细胞肉瘤,小神经胶质细胞瘤
1487,脑水肿,脑水肿
1488,股神经损伤,股神经损伤
1489,脊髓拴系综合征,脊髓栓系综合征,脊髓前索综合征,脊髓后索综合征
1490,骶管囊肿,气管囊肿,食管囊肿,肛管囊肿
1491,脊髓血管畸形,脊髓血管畸形
1492,髌骨骨折,髌骨骨折
1493,断肢再植,伤寒再燃,幻肢痛,四肢瘫
1494,脑脊液鼻漏,脑脊液鼻漏
1495,锁骨骨折,锁骨骨折
1496,脊柱裂,脊柱裂
1497,脑震荡,脑震荡
1498,颅底肿瘤,颅底恶性肿瘤,颅底骨折,脑结核瘤
1499,小脑扁桃体下疝,小脑扁桃体出血,扁桃体白喉,小脑幕孔下降疝
1500,室管膜瘤,血管瘤,脑室脑膜瘤,脊膜瘤
1501,蛛网膜下腔出血,蛛网膜下腔出血
1502,脊索瘤,脊膜瘤,脊髓痨,梅毒瘤
1503,生殖细胞瘤,肝母细胞瘤,浆细胞瘤,骨浆细胞瘤
1504,椎管内肿瘤,椎管内恶性肿瘤,椎管内脂肪瘤,椎管内血管瘤
1505,听神经瘤,听神经病,面神经炎,枕神经痛
1506,脑肿瘤,脑膜瘤,脑结核瘤,梅毒瘤
1507,硬脑膜下血肿,硬脊膜下脓肿,硬膜下脓肿,硬脑膜下积液
1508,人工耳蜗,人工授精,安装人工耳蜗,人格障碍
1509,脑转移瘤,脑结核瘤,脑淋巴瘤,脑血管瘤
1510,脊髓空洞症,脊髓空洞症
1511,脑积水,脑积水
1512,副耳,胶耳,副肋,副乳
1513,颅咽管瘤,血管瘤,颅骨血管瘤,脑血管瘤
1514,癔症性失声,癔症性震颤,继发性失眠,癔症样发作
1515,脑膜瘤,脑膜瘤
1516,颈部囊状水瘤,颈部恶性肿瘤,颈部脂肪瘤,颈部血管瘤
1517,外耳道真菌病,耳真菌病,外耳道曲霉菌病,外耳道结核
1518,喉烧灼伤,喉部挫伤,喉挤压伤,喉损伤
1519,咽喉良性肿瘤,咽喉恶性肿瘤,咽良性肿瘤,喉良性肿瘤
1520,咽缩肌瘫痪,交叉性瘫痪,瘫痪,完全性瘫痪
1521,喉粘液囊肿,泪囊粘液囊肿,眼眶粘液囊肿,鼻窦粘液囊肿
1522,喉血管瘤,血管瘤,脑血管瘤,肝血管瘤
1523,外耳道耵聍腺肿瘤,外耳道良性肿瘤,外耳道耵聍栓塞,外耳道皮肤恶性肿瘤
1524,咽旁脓肿,咽旁脓肿
1525,口咽良性肿瘤,口咽良性肿瘤
1526,外耳道外生骨疣,外耳道外生骨疣
1527,外耳道疖,外耳道疖
1528,声带白斑,声带白斑
1529,软腭瘫痪,瘫痪,软腭脓肿,软腭肥厚
1530,咽后脓肿,咽后脓肿
1531,中耳癌,中耳炎,中耳瘘,中耳结核
1532,喉乳头状瘤,喉恶性肿瘤,喉良性肿瘤,喉脂肪瘤
1533,外耳道胆脂瘤,外耳道胆脂瘤
1534,咽异感症,咽异感症
1535,会厌囊肿,会厌囊肿
1536,外耳湿疹,外耳湿疹
1537,咽部狭窄及闭锁,喉咽部狭窄,咽下部狭窄,尾部狭窄
1538,喉气囊肿,喉气囊肿
1539,喉关节炎,多关节炎,单关节炎,关节炎
1540,血管网状细胞瘤,网状细胞肉瘤,肝母细胞瘤,结节性网状细胞肉瘤
1541,耳源性脑脓肿,耳源性脑脓肿
1542,鼻乳头状瘤,鼻窦淋巴瘤,鼻腔淋巴瘤,鼻窦血管瘤
1543,鼻咽纤维血管瘤,鼻咽血管瘤,鼻窦血管瘤,鼻部血管瘤
1544,扁桃体周脓肿,扁桃体脓肿,扁桃体周围脓肿,扁桃体囊肿
1545,鼻前庭炎,鼻前庭炎
1546,鼻前庭囊肿,鼻前庭囊肿
1547,鼻疖,鼻疖
1548,颅内胆脂瘤,颅内胆脂瘤
1549,耳廓化脓性软骨膜炎,耳廓软骨膜炎,化脓性脑膜炎,颅底化脓性脑膜炎
1550,鼻血管瘤,血管瘤,脑血管瘤,肝血管瘤
1551,鼻腔及鼻窦异物,鼻腔及鼻窦恶性肿瘤,鼻窦内异物,鼻内异物
1552,鼻中隔血肿和脓肿,鼻中隔脓肿,鼻中隔血肿,鼻中隔肉芽肿
1553,鼻真菌病,皮真菌病,耳真菌病,放线菌病
1554,恶性肉芽肿,嗜酸性肉芽肿,黄肉芽肿,脑肉芽肿
1555,鼻骨瘤,鼻骨结核,鼻疽,梅毒瘤
1556,舌咽神经痛,舌咽神经痛
1557,鼻中隔穿孔,鼻中隔穿孔
1558,鼻窦粘液囊肿,鼻窦粘液囊肿
1559,耳硬化,耳硬化症,肺硬化,肝硬化
1560,先天性后鼻孔闭锁,先天性后鼻孔闭锁
1561,先天性喉喘鸣,先天性喉喘鸣
1562,鼻窦粘膜囊肿,鼻窦粘液囊肿,鼻窦囊肿,蛛网膜囊肿
1563,先天性喉蹼,先天性喉蹼
1564,喉外伤,喉损伤,喉结核,喉白喉
1565,鼻硬结病,鼻硬结病
1566,鼻骨骨折,鼻骨骨折
1567,鼻部脑膜脑膨出,鼻部脑膨出,脑膜脑膨出,额部脑膨出
1568,鼻窦囊肿,鼻窦囊肿
1569,先天性喉软骨畸形,先天性听小骨畸形,先天性跗骨畸形,先天性锁骨畸形
1570,喉狭窄,喉狭窄
1571,声带麻痹,声带麻痹
1572,喉囊肿,喉囊肿
1573,鼓膜内陷,眼球内陷,鼓膜穿孔,鼓膜萎缩
1574,喉白斑病,喉白喉,喉蝇蛆病,白血病
1575,鼻囊肿,鼻囊肿
1576,淋巴管瘤,淋巴管瘤
1577,泌尿系肿瘤,泌尿系结核,泌尿系结石,泌尿系感染
1578,放疗,霍乱,伤寒,肠炎
1579,鼓膜穿孔,鼓膜穿孔
1580,扁桃体恶性肿瘤,扁桃体恶性肿瘤
1581,鼻窦恶性肿瘤,鼻窦恶性肿瘤
1582,皮肤肿瘤,皮肤肿物,皮肤结核,皮肤鼠疫
1583,周围神经系统肿瘤,中枢神经系统结核,臂神经恶性肿瘤,正中神经恶性肿瘤
1584,胆脂瘤型中耳炎,结核性中耳炎,麻疹并发中耳炎,分泌性中耳炎
1585,先天性耳前瘘管,先天性耳前瘘,先天性颈前瘘管,先天性耳廓瘘
1586,肺部疾病,肺吸虫病,肺结节病,肺性脑病
1587,鼻外伤,鼻疽,鼻梅毒,睑外翻
1588,喉肿瘤,喉肿物,喉结核,喉白喉
1589,耳部肿瘤,耳部肿物,耳廓肿物,咽部肿物
1590,鼻肿瘤,鼻疽,梅毒瘤,鼻梅毒
1591,咽部肿瘤,咽部肿物,咽部结核,咽恶性肿瘤
1592,外耳道炎,外耳道炎
1593,喉插管损伤,泪管损伤,喉损伤,肺血管损伤
1594,喉神经纤维瘤,喉神经麻痹,鼻神经胶质瘤,视神经结核
1595,喉纤维瘤,喉脂肪瘤,脾纤维化,纤维胸
1596,踝部骨折,踝骨骨折,踝部瘢痕,顶骨骨折
1597,椎体骨软骨病,骨软骨病,幼年型骨软骨病,耻骨骨软骨炎
1598,泪器病,结核病,兔热病,猫抓病
1599,二尖瓣环钙化,二尖瓣钙化,三尖瓣钙化,二尖瓣狭窄
1600,多瓣膜病,视网膜病,心脏瓣膜病,多关节病
1601,亨廷顿舞蹈症,亨廷顿舞蹈病,亨廷顿病,亨廷顿舞蹈病性痴呆
1602,寰枢椎脱位,寰枢椎脱位
1603,混合性结缔组织病,混合性结缔组织病
1604,气性坏疽,气性坏疽
1605,致心律失常型右室心肌病,致心律失常性右室心肌病,致心律失常性左室心肌病,心尖肥厚型心肌病
1606,病毒性心肌炎,病毒性心肌炎
1607,考试焦虑,卒中后焦虑,忧虑,霍乱
1608,颊脂垫切除手术,吹号手疣,手癣,颊内部恶性肿瘤
1609,输尿管损伤,输尿管损伤
1610,胰腺结石,胰腺结核,胰结石,乳腺结核
1611,中枢神经系统结核瘤,中枢神经系统结核,中枢神经系统恶性肿瘤,中枢神经系统感染
1612,先天性动静脉瘘,后天性动静脉瘘,先天性肺动静脉瘘,先天性肾动静脉瘘
1613,损伤性动静脉瘘,多发性动静脉瘘,股性动静脉瘘,后天性动静脉瘘
1614,烟草依赖,烟草中毒,草酸尿,烟草依赖综合征
1615,外阴湿疹,外阴湿疹
1616,喉异物,喉肿物,喉内异物,喉结核
1617,喉淀粉样变,喉淀粉样变性,脑淀粉样变,睑淀粉样变性
1618,喉阻塞,喉结核,喉白喉,泪道阻塞
1619,畸胎瘤,梅毒瘤,间皮瘤,淋巴瘤
1620,接触性皮炎,接触性皮炎
1621,妊娠合并急性肾盂肾炎,妊娠合并急性阑尾炎,妊娠合并急性胃肠炎,妊娠合并急性胰腺炎
1622,生殖器结核,生殖系结核,生殖器梅毒,生殖器疱疹
1623,滴虫阴道炎,滴虫性阴道炎,滴虫性尿道炎,阴道炎
1624,丁肝,霍乱,伤寒,肠炎
1625,短肠综合征,短面综合征,短肋综合征,麻疹综合征
1626,小肠肿瘤,小肠恶性肿瘤,小肠淋巴瘤,小肠良性肿瘤
1627,口腔白斑病,口腔黏膜白斑病,朊蛋白病,口腔疱疹
1628,口腔单纯性疱疹,阴茎单纯性疱疹,阴囊单纯性疱疹,面部单纯疱疹
1629,口干症,口干症
1630,地图舌,地图舌
1631,蛋白质-能量营养不良症,蛋白质-能量营养不良后遗症,重度蛋白质-热能营养不良,中度蛋白质-热能营养不良
1632,补牙,霍乱,伤寒,肠炎
1633,烤瓷牙,多生牙,过小牙,锥形牙
1634,牙齿美白,牙齿磨损,牙齿腐蚀,牙齿变色
1635,鹅口疮,咽鹅口疮,疥疮,牛疥疮
1636,口腔扁平苔藓,口腔扁平苔癣,热带扁平苔癣,扁平苔癣
1637,牙齿种植,牙齿磨损,牙齿腐蚀,牙齿变色
1638,牙髓炎,牙髓炎
1639,口腔修复,口腔疱疹,口腔囊肿,口腔感染
1640,牙颌畸形,小颌畸形,偏颌畸形,眼眶畸形
1641,口腔粘膜病,口腔疱疹,口腔原位癌,口腔血管瘤
1642,龋齿,龋病,霍乱,伤寒
1643,儿童牙病,婴儿黑牙病,阿米巴病,贾第虫病
1644,牙体病,牙周病,结核病,兔热病
1645,牙痛,牙痛
1646,牙周病,牙周病
1647,根管治疗,物理治疗,心理治疗,言语治疗
1648,舌系带过短,舌系带过短
1649,拔牙,霍乱,伤寒,肠炎
1650,混合性心绞痛,混合型心绞痛,稳定性心绞痛,混合性贫血
1651,先天性髋关节脱位,先天性髋关节脱位
1652,小儿肾积水,肾积水,胎儿脑积水,胎儿肾盂积水
1653,小儿喉痉挛,喉痉挛,小儿肠炎,扭转痉挛
1654,右位心,右位心
1655,惊厥,晕厥,霍乱,伤寒
1656,小儿溃疡性口炎,溃疡性口炎,坏死性溃疡性口炎,急性溃疡性喉炎
1657,先天性食管闭锁,先天性食管闭锁
1658,小儿疱疹性口炎,疱疹性口炎,疱疹性咽炎,疱疹性肝炎
1659,小儿脑肿瘤,小脑脑膜瘤,小儿肠炎,唇恶性肿瘤
1660,三房心,三房心
1661,小儿膀胱输尿管反流和反流性肾病,膀胱输尿管反流,先天性膀胱输尿管反流,膀胱及输尿管恶性肿瘤
1662,小儿支气管肺炎,细菌性支气管肺炎,喘息性支气管肺炎,急性支气管炎
1663,新生儿缺氧缺血性脑病,新生儿缺氧缺血性脑病
1664,小儿寄生虫病,肠道寄生虫病,寄生虫病,小袋纤毛虫病
1665,复杂性先天性心脏病,胎儿先天性心脏病,先天性心脏病,急性风湿性心脏病
1666,先天愚型,先天性聋,先天缺牙,胎儿先天愚型
1667,化脓性脑膜炎,化脓性脑膜炎
1668,小儿肺炎支原体肺炎,肺炎支原体性脑炎,新生儿支原体肺炎,肺炎杆菌性肺炎
1669,小儿乙型肝炎病毒相关肾炎,乙型肝炎相关性肾炎,丙型肝炎相关性肾炎,急性乙型丁型病毒性肝炎
1670,小儿败血症,炭疽败血症,败血症,新生儿败血症
1671,小儿口炎,小儿肠炎,婴儿肠炎,小脑炎
1672,小儿疱疹性咽峡炎,疱疹性咽峡炎,疱疹性咽炎,疱疹性直肠炎
1673,牙本质过敏症,牙本质过敏症
1674,新生儿败血症,新生儿败血症
1675,牙髓钙化,牙髓钙化
1676,牙髓病,脊髓病,牙髓炎,牙周病
1677,四环素牙,四环素牙
1678,先天性二尖瓣闭锁,先天性二尖瓣闭锁
1679,牙髓坏死,牙髓坏死
1680,非紫绀型先天性心脏病,胎儿先天性心脏病,妊娠合并先天性心脏病,先天性心脏病
1681,阻生齿,阻生牙,多生牙,双生牙
1682,牙龈炎,牙髓炎,龈炎,牙龈瘤
1683,先天性二尖瓣狭窄,先天性二尖瓣狭窄
1684,急性根尖周炎,急性根尖周炎
1685,牙周炎,牙髓炎,牙周病,肩周炎
1686,根尖周炎,急性根尖周炎,慢性根尖周炎,根尖周脓肿
1687,牙龈萎缩,牙龈退缩,牙龈结核,脾萎缩
1688,牙齿外伤,牙齿磨损,牙齿腐蚀,牙齿变色
1689,牙磨损,牙齿磨损,牙内陷,牙折断
1690,紫绀型先天性心脏病,胎儿先天性心脏病,先天性心脏病,先天性心肌病
1691,三尖瓣闭锁,三尖瓣狭窄,三尖瓣钙化,三尖瓣病
1692,心脏异位,心脏异物,心脏停搏,心脏肥大
1693,心内膜垫缺损,心内膜垫缺损
1694,小儿房室传导阻滞,二度房室传导阻滞,三度房室传导阻滞,高度房室传导阻滞
1695,环形胰腺,环形暗点,环形红斑,迷走胰腺
1696,矫正性大动脉错位,矫正性大动脉转位,多发性大动脉炎,完全型大动脉转位
1697,小儿急性白血病,急性白血病,慢性白血病,先天性白血病
1698,完全性大动脉转位,完全型大动脉转位,矫正性大动脉转位,大动脉转位
1699,儿童郎格汉斯组织细胞增生症,朗格汉斯细胞组织细胞增生症,噬血细胞淋巴组织细胞增生症,海蓝组织细胞增生症
1700,小儿贫血,婴儿贫血,小儿肠炎,恶性贫血
1701,法洛氏五联症,法洛四联症,法洛三联症,法乐氏四联症术后
1702,艾森曼格综合征,艾森曼格综合征
1703,主动脉弓中断,主动脉弓狭窄,主动脉瓣狭窄,主动脉瓣肥厚
1704,先天性心包缺损,先天性心包缺损
1705,原发孔型房间隔缺损,房间隔缺损,室间隔缺损,原发性免疫缺陷
1706,右室双出口,右心室双出口,左心室双出口,右室双腔心
1707,儿童攻击行为,儿童孤独症,儿童期脑萎缩,儿童失神癫痫
1708,完全性心内膜垫缺损,完全型心内膜垫缺损,心内膜垫缺损,部分型心内膜垫缺损
1709,左室双出口,左心室双出口,右心室双出口,左室肥大
1710,夜惊,夜盲,夜尿,霍乱
1711,学习障碍,代谢障碍,认知障碍,焦虑障碍
1712,小儿肠炎,小儿肠炎
1713,小儿结缔组织病,结缔组织病,混合性结缔组织病,纤维结缔组织炎
1714,小儿传导性聋,双侧传导性聋,单侧传导性聋,传导性聋
1715,后鼻孔先天性闭锁,早期先天性梅毒,晚期先天性梅毒,先天性梅毒
1716,小儿Reye综合症,Omenn综合征,儿童周期性综合征,IRVAN综合征
1717,口腔皮样或表皮样囊肿,口腔表皮样囊肿,口腔皮样囊肿,口腔淋巴上皮囊肿
1718,免疫缺陷病,免疫缺陷,联合免疫缺陷病,蝇疫霉病
1719,小儿肌营养不良,肌营养不良,严重营养不良,中度营养不良
1720,口底蜂窝织炎,眼眶蜂窝织炎,耳廓蜂窝织炎,鼻蜂窝织炎
1721,小儿急性肾小球肾炎,急性肾小球肾炎,三日疟性肾小球肾炎,急进性肾小球肾炎
1722,小儿消化性溃疡,慢性消化性溃疡,消化性溃疡,新生儿消化性溃疡
1723,病毒性脑炎,病毒性脑炎
1724,新生儿听力筛查,新生儿心力衰竭,新生儿破伤风,新生儿心肌炎
1725,小儿风湿热,风湿热,急性风湿热,小儿肠炎
1726,维生素D缺乏性手足抽搐症,维生素D缺乏性手足搐搦症,维生素C缺乏性贫血,维生素A缺乏伴结膜干燥症
1727,维生素A摄入过多,维生素A过多症,维生素A缺乏,维生素D过多症
1728,先天性肌强直,先天性副肌强直,先天性肌无力,萎缩性肌强直
1729,碘缺乏,硒缺乏,锌缺乏,铜缺乏
1730,小儿室性心动过速,室性心动过速,右室室性心动过速,左室室性心动过速
1731,苯丙酮尿症,苯丙酮尿症
1732,小儿阵发性心动过速,阵发性心动过速,窦房折返性心动过速,房内折返性心动过速
1733,锌缺乏,锌缺乏
1734,维生素营养障碍,视网膜营养障碍,软骨营养障碍,维生素A缺乏
1735,营养不良,营养不良
1736,小儿充血性心力衰竭,充血性心力衰竭,高血压性心力衰竭,急性心力衰竭
1737,维生素D中毒,维生素类中毒,维生素K中毒,维生素D缺乏
1738,小儿心内膜弹力纤维增生症,心内膜弹力纤维增生,心内膜心肌纤维化,胸膜纤维样增生
1739,小儿阵发性室上性心动过速,阵发性室上性心动过速,阵发性室性心动过速,阵发性房性心动过速
1740,囟门发育不良,牙根发育不良,宫颈发育不良,阴道发育不良
1741,佝偻病,结核病,兔热病,猫抓病
1742,营养缺乏症,营养缺乏,锌缺乏症,铜缺乏症
1743,小儿过早搏动,小儿肠炎,小袋纤毛虫病,婴儿肠炎
1744,小儿消化不良,肠消化不良,消化不良,新生儿消化不良
1745,锌中毒,锌中毒
1746,小儿心律失常,窦性心律失常,室性心律失常,心律失常
1747,小儿肾小球疾病,急性肾小球病,慢性肾小球病,肾小球肾病
1748,小儿肾病综合征,肾病综合征,婴儿肝炎综合征,肝肾综合征
1749,小儿血尿,小儿肠炎,血尿,小腿血肿
1750,糖原累积病,糖原贮积病,衣原体病,糖尿病
1751,小儿泌尿道感染,新生儿泌尿道感染,真菌性泌尿道感染,泌尿系感染
1752,小儿甲状腺功能减低症,新生儿甲状腺功能减退症,碘性甲状腺功能减退,感染后甲状腺功能减退症
1753,微量元素障碍,微量元素缺乏症,凝血功能障碍,卵巢功能障碍
1754,粘多糖代谢障碍,代谢障碍,果糖代谢紊乱,半乳糖代谢紊乱
1755,小儿生长激素缺乏症,生长激素缺乏症,垂体生长激素瘤,生物素缺乏
1756,小儿甲状腺疾病,甲状腺结核,甲状腺囊肿,囊性甲状腺肿
1757,小儿肥胖症,小儿肠炎,肢端肥大症,局部性肥胖症
1758,小儿甲状腺功能亢进,碘源性甲状腺功能亢进,药物性甲状腺功能亢进,原发性甲状腺功能亢进
1759,小儿糖尿病,1型糖尿病,脆性糖尿病,2型糖尿病
1760,克汀病,克山病,结核病,兔热病
1761,儿童中耳炎,急性中耳炎,慢性中耳炎,中耳炎
1762,小儿耳聋,小儿肠炎,耳聋,婴儿肠炎
1763,小儿先天性肾病综合征,先天性肾病综合征,先天性风疹综合征,先天性盲袢综合征
1764,小儿急性中耳炎,急性中耳炎,结核性中耳炎,分泌性中耳炎
1765,小儿分泌性中耳炎,急性分泌性中耳炎,慢性分泌性中耳炎,分泌性中耳炎
1766,多形性腺瘤,唇恶性肿瘤,舌恶性肿瘤,腭恶性肿瘤
1767,颌骨骨折,颌骨骨炎,顶骨骨折,额骨骨折
1768,颞下颌关节紊乱病,颞下颌关节紊乱病
1769,颞下颌关节强直,颞下颌关节强直
1770,颌下间隙感染,颏下间隙感染,眶下间隙感染,颞下间隙感染
1771,颊癌,霍乱,伤寒,肠炎
1772,口底癌,口蹄疫,原位癌,口吃
1773,角化囊肿,角膜囊肿,脾囊肿,垂体囊肿
1774,海绵型淋巴管瘤,海绵状淋巴管瘤,肠系膜淋巴管瘤,腹膜后淋巴管瘤
1775,含牙囊肿,脾囊肿,垂体囊肿,胸腺囊肿
1776,上颌窦癌,上颌窦炎,上颌窦瘘,上颌窦脓肿
1777,牙龈瘤,牙龈瘤
1778,骨化性纤维瘤,非骨化性纤维瘤,骨恶性肿瘤,骨良性肿瘤
1779,牙脱位,脱水,眼球脱位,牙内陷
1780,牙挫伤,唇挫伤,颊挫伤,肺挫伤
1781,多发性神经纤维瘤,多发性骨髓瘤,多发性脂肪瘤,原发性骨髓纤维化
1782,涎石病,涎石病
1783,始基囊肿,脾囊肿,垂体囊肿,胸腺囊肿
1784,颧骨颧弓骨折,颧弓骨折,颧骨骨折,顶骨骨折
1785,颌骨囊肿,颌骨囊肿
1786,舌下腺囊肿,舌下腺囊肿
1787,口腔颌面部毛细管型淋巴管瘤,口腔内淋巴管瘤,面部淋巴管瘤,头部淋巴管瘤
1788,涎腺肿瘤,泪腺肿物,胰腺肿大,胰腺肿物
1789,粘液表皮样癌,粘液性水肿,口腔表皮样囊肿,唇表皮化
1790,腺样囊性癌,腺样体肥大,腺样体瘢痕,腺样体术后
1791,牙龈癌,牙龈瘤,牙龈结核,原位癌
1792,口腔颌面部囊肿,口腔表皮样囊肿,口腔皮样囊肿,口腔黏液腺囊肿
1793,口腔颌面部间隙感染,颌面间隙感染,翼下颌间隙感染,下颌下间隙感染
1794,涎腺疾病,胸腺病,涎石病,阿米巴病
1795,甲状舌管囊肿,甲状腺囊肿,甲状旁腺囊肿,甲状舌管良性肿瘤
1796,血液病,血友病,血色病,血清病
1797,颌骨骨髓炎,颌骨骨髓炎
1798,涎腺良性肥大,腮腺良性肿瘤,胰腺良性肿瘤,胸腺良性肿瘤
1799,口腔颌面部损伤,新生儿面部损伤,口腔浅表损伤,口腔开放性损伤
1800,新生儿寒冷损伤综合征,新生儿寒冷损伤综合征
1801,新生儿呼吸窘迫综合征,新生儿呼吸窘迫综合征
1802,新生儿窒息,新生儿窒息
1803,新生儿出血症,新生儿败血症,新生儿菌血症,新生儿出血病
1804,新生儿面神经麻痹,新生儿面神经麻痹
1805,新生儿巨细胞病毒感染,巨细胞病毒感染,先天性巨细胞病毒感染,艾滋病伴巨细胞病毒感染
1806,新生儿呕吐,新生儿呕吐
1807,新生儿破伤风,新生儿破伤风
1808,新生儿衣原体感染,新生儿衣原体肺炎,衣原体感染,新生儿支原体肺炎
1809,新生儿低血糖症,新生儿低血糖症
1810,新生儿低钙血症,新生儿低钙血症
1811,新生儿高血糖症,新生儿高血糖症
1812,新生儿臂丛神经麻痹,新生儿面神经麻痹,新生儿膈神经麻痹,新生儿臂丛神经损伤
1813,新生儿产伤性疾病,新生儿慢性肺疾病,新生儿破伤风,新生儿佝偻病
1814,颞下颌关节病,颞下颌关节紊乱病,颞下颌关节强直,颞下颌关节脱位
1815,口腔颌面部血管瘤,面部血管瘤,口腔血管瘤,颈部血管瘤
1816,新生儿头颅血肿,新生儿头颅血肿
1817,新生儿脐肉芽肿,新生儿脐周脓肿,新生儿疖肿,新生儿脐带绕颈
1818,新生儿脐炎,新生儿脐炎
1819,新生儿锁骨骨折,新生儿锁骨骨折
1820,新生儿脐疝,新生儿脐炎,新生儿癫痫,新生儿牙
1821,新生儿颅内出血,新生儿颅内出血
1822,新生儿坏死性小肠结肠炎,新生儿坏死性小肠结肠炎
1823,新生儿肺炎,新生儿肺炎
1824,新生儿溶血,新生儿溶血
1825,新生儿脐部疾病,新生儿佝偻病,新生儿脐带绕颈,新生儿脐带过短
1826,新生儿疾病,新生儿脑病,新生儿佝偻病,新生儿癫痫
1827,造釉细胞瘤,肝母细胞瘤,浆细胞瘤,骨浆细胞瘤
1828,小儿感染性心内膜炎,感染性心内膜炎,右心感染性心内膜炎,亚急性感染性心内膜炎
1829,牙折,牙折断,牙痛,骨折
1830,小儿IgA肾病,IgA肾病,IgM肾病,小动脉性肾病
1831,囊肿型淋巴管瘤,肠系膜淋巴管瘤,腹膜后淋巴管瘤,海绵状淋巴管瘤
1832,咬肌间隙感染,咬肌间隙感染
1833,唇系带异常矫正,唇系带良性肿瘤,唇系带过短,上唇系带恶性肿瘤
1834,Rotor综合征,Richter综合征,肺结核原发综合征,中毒性休克综合征
1835,无顶冠状静脉窦综合征,无顶冠状静脉窦综合征
1836,小儿化脓性中耳炎,急性化脓性中耳炎,慢性化脓性中耳炎,化脓性中耳炎
1837,色素痣,黑色素痣,唇黑色素痣,痣
1838,婴幼儿化脓性淋巴结炎,化脓性淋巴结炎,二期梅毒性淋巴结炎,慢性淋巴结炎
1839,小儿咽-结合膜热,小儿肠炎,咽部结核,小螺菌鼠咬热
1840,先天性骨与关节畸形,先天性膝关节畸形,先天性踝关节畸形,先天性关节畸形
1841,自身免疫性肝病,自身免疫性肝炎,自身免疫性肝硬化,自身免疫病
1842,地方性斑疹伤寒,地方性斑疹伤寒
1843,前庭大腺囊肿,前列腺囊肿,前庭大腺炎,前庭大腺术后
1844,银屑病,银屑病
1845,虫媒传染病,虫霉病,产褥期传染病,肠阿米巴病
1846,疝,疣,痣,脑疝
1847,周围动脉瘤,结膜动脉瘤,心脏动脉瘤,冠状动脉瘤
1848,伤寒肠穿孔,伤寒并发肠穿孔,直肠穿孔,结肠穿孔
1849,湿疹,湿疹
1850,家庭心理问题,避孕问题,生育问题,心理治疗
1851,慢性嗜酸性粒细胞性肺炎,嗜酸细胞性肺炎,急性嗜碱性粒细胞白血病,慢性中性粒细胞性白血病
1852,痒疹,痒疹
1853,线粒体肌病,线粒体肌病
1854,尤文肉瘤,脑结核瘤,梅毒瘤,放线菌瘤
1855,脑型肺吸虫病,脑型血吸虫病,肺型血吸虫病,肺吸虫病
1856,肾上腺肿瘤,肾上腺肿物,肾上腺结核,肾恶性肿瘤
1857,急性感染性心内膜炎,亚急性感染性心内膜炎,急性风湿性心内膜炎,感染性心内膜炎
1858,原发性醛固酮增多症,继发性醛固酮增多症,原发性血小板增多症,高肾素性醛固酮增多症
1859,腓总神经损伤,腓总神经损伤
1860,骨纤维肉瘤,肝血管肉瘤,骨恶性肿瘤,卡波西肉瘤
1861,骨软骨瘤,骨软骨炎,骨软骨病,骨淋巴瘤
1862,无脑儿,脑炎,小脑炎,脑疝
1863,脑型血吸虫病,脑型血吸虫病
1864,骨瘤,黄瘤,骨赘,骨刺
1865,伸直型桡骨下端骨折,桡骨近端骨折,桡骨远端骨折,锁骨胸骨端骨折
1866,小儿肾小管性酸中毒,肾小管酸中毒,代谢性酸中毒,高血氯性酸中毒
1867,三高症,败血症,脓毒症,菌血症
